<?xml version="1.0" encoding="UTF-8"?>

<project xmlns:dita="http://dita-ot.sourceforge.net"
         xmlns:if="ant:if"
         xmlns:unless="ant:unless"
         name="ditaot-preprocess2-hpe">

  <target name="preprocess2-hpe"
    dita:extension="depends org.dita.dost.platform.InsertDependsAction"
    description="Preprocess"
    dita:depends="{depend.preprocess.pre},
                  preprocess2.init,
                  ditaval-merge,
                  preprocess2.maps,
                  preprocess2.topics,
           
                  map-clean-map,
                  clean-preprocess-hpe-init,
                  hpe-patch-gen-res-only-flags,
                  hpe-patch-fix-unresolved-hashes,
                  clean-preprocess,
                  copy-files2,
		          
                  {depend.preprocess.post}">
    <dirname property="_dita.map.output.dir" file="${dita.output.dir}/${user.input.file}" />
    <dirname property="_dita.map.temp.dir" file="${dita.temp.dir}/${user.input.file}" />
    <property name="uplevels" value=""/>
    <property name="dita.map.output.dir" location="${_dita.map.output.dir}/${uplevels}"/>
  </target>

  <target name="clean-preprocess-hpe-init">
    <property unless:set="args.markdown.toc" name="args.markdown.toc" value="index"/>
    <property unless:set="args.html5.toc" name="args.html5.toc" value="index"/>

    <!-- General topic renaming parameters -->
    <property name="result.rewrite-rule.xsl" value="${dita.temp.dir}/rewrite-rule.xsl"/>
    <loadfile property="usr.input.file.list" srcFile="${dita.temp.dir}/usr.input.file.list"/>
    <pathconvert property="dita.topic.hash.root">
      <path path="${usr.input.file.list}"/>
      <chainedmapper>
        <mapper type="flatten"/>
        <mapper type="regexp" from="^(.+)(\..+?)$$" to="\1"/>
      </chainedmapper>
    </pathconvert>
    <xslt in="${dita.temp.dir}/${usr.input.file.list}" out="${dita.temp.dir}/.resid.xml"
          style="${dita.plugin.com.hpe.ditacommon.dir}/xsl/preprocess/genresid-list.xsl">
    </xslt>

    <!-- Root topic renaming parameters referred by Single HTML/Markdown -->
    <xslt in="${dita.temp.dir}/${usr.input.file.list}" out="${dita.temp.dir}/.root-chunk.is.to-content"
          style="${dita.plugin.com.hpe.ditacommon.dir}/xsl/preprocess/hpe.root-chunk.xsl">
    </xslt>
    <loadfile property="root-chunk.is.to-content" srcFile="${dita.temp.dir}/.root-chunk.is.to-content"/>
    <condition property="transtype.markdown">
      <matches string="${transtype}" pattern=".*markdown.*" casesensitive="false"/>
    </condition>
    <property if:true="${transtype.markdown}"
          name="args.toc" value="${args.markdown.toc}"/>
    <property unless:true="${transtype.markdown}"
          name="args.toc" value="${args.html5.toc}"/>

    <!-- Workaroud for rewrite-rule.xsl to access above parameters -->
    <copy file="${dita.plugin.com.hpe.ditacommon.dir}/xsl/preprocess/rewrite-rule.xsl"
          todir="${dita.temp.dir}"/>
  </target>

  <!-- MTS-3184 Patch for conref-only topic -->
  <target name="hpe-patch-gen-res-only-flags">
    <echo>Patch MTS-3184: set Job conref-only values</echo>
	  <makeurl property="usr.input.file.list.url" file="${dita.temp.dir}/${usr.input.file.list}" validate="false"/>
		<xslt basedir="${dita.temp.dir}"
      in="${dita.temp.dir}/.job.xml" out="${dita.temp.dir}/.job2.xml"
			style="${dita.plugin.com.hpe.ditacommon.dir}/xsl/preprocess/hpe.set.job.res-only.xsl">
			<param name="TRANSTYPE" expression="${transtype}" />
			<param name="usr.input.file.list.url" expression="${usr.input.file.list.url}" />
			<xmlcatalog refid="dita.catalog"/>
		</xslt>
		<move file="${dita.temp.dir}/.job2.xml" tofile="${dita.temp.dir}/.job.xml"/>
  </target>
  
  <!-- MTS-3181 Patch for copy-to and MTS-3175 Patch for root chunk topic -->
  <target name="hpe-patch-fix-unresolved-hashes">
       <echo>Patch MTS-3181: resolve copy-to values to correct value</echo>
	   <!-- use both resolve-copyto-1.job.xml and current .job.xml for resolving correct value -->
	   <makeurl property="dita.jobfile" file="${dita.temp.dir}/.job.xml" validate="false"/>
	   <dirname property="input.dir" file="${args.input}"/>
	   <makeurl property="input.dir.url" file="${input.dir}" validate="false"/>
	   
		<pipeline message="Custom cleanup for ditamap files" taskname="taskname-hpe-patch-fix-unresolved-hashes">
		  <xslt basedir="${dita.temp.dir}"
				style="${dita.plugin.com.hpe.ditacommon.dir}/xsl/preprocess/hpe.copyto.duplicate.xsl"
				filenameparameter="file-being-processed">
			<ditafileset format="ditamap" input="true"/>
			<param name="TRANSTYPE" expression="${transtype}" />
			<param name="JOBFILE" expression="${dita.jobfile}" />
			<param name="ROOT_DIR_URL" expression="${input.dir.url}"/>
			<xmlcatalog refid="dita.catalog"/>
		  </xslt>
		</pipeline>

    <echo if:true="${root-chunk.is.to-content}">Patch MTS-3175: resolve single output href values to correct value</echo>
		<pipeline if:true="${root-chunk.is.to-content}"
        message="Custom cleanup for dita topic files" taskname="taskname-hpe-patch-fix-unresolved-hashes-topic">
		  <xslt basedir="${dita.temp.dir}"
				style="${dita.plugin.com.hpe.ditacommon.dir}/xsl/preprocess/hpe.singleoutput.href.xsl"
				filenameparameter="file-being-processed">
			<ditafileset format="ditamap" />
			<param name="TRANSTYPE" expression="${transtype}" />
			<param name="JOBFILE" expression="${dita.jobfile}" />
      <param name="usr.input.file.list" expression="${usr.input.file.list}"/>
      <param name="args.toc" expression="${args.toc}" />
			<param name="ROOT_DIR_URL" expression="${input.dir.url}"/>
			<xmlcatalog refid="dita.catalog"/>
		  </xslt>
		</pipeline>
		<pipeline if:true="${root-chunk.is.to-content}"
        message="Custom cleanup for dita topic files" taskname="taskname-hpe-patch-fix-unresolved-hashes-topic">
		  <xslt basedir="${dita.temp.dir}"
				style="${dita.plugin.com.hpe.ditacommon.dir}/xsl/preprocess/hpe.singleoutput.href.xsl"
				filenameparameter="file-being-processed">
			<ditafileset format="dita" />
			<param name="TRANSTYPE" expression="${transtype}" />
			<param name="JOBFILE" expression="${dita.jobfile}" />
      <param name="usr.input.file.list" expression="${usr.input.file.list}"/>
      <param name="args.toc" expression="${args.toc}" />
			<param name="ROOT_DIR_URL" expression="${input.dir.url}"/>
			<xmlcatalog refid="dita.catalog"/>
		  </xslt>
		</pipeline>
  </target>  

  <!-- MTS-3175 Postprocess utility task to be executed inside transtype plugins -->
  <target name="postprocess-hpe.rename.root-chunk.topic" if="${root-chunk.is.to-content}">
    <property name="args.toc" value="index"/>
    <move file="${dita.output.dir}/${dita.topic.hash.root}${out.ext}"
      tofile="${dita.output.dir}/${args.toc}${out.ext}"/>
  </target>
</project>
