<?xml version="1.0" encoding="UTF-8"?>
<!--
This file is part of the DITA Open Toolkit project.

Copyright 2004, 2005 IBM Corporation

See the accompanying LICENSE file for applicable license.
-->
<?xml-model href="strings.rnc" type="application/relax-ng-compact-syntax"?>
<variables>
   <variable id="Figure">Слика</variable>
   <variable id="Table">Табела</variable>
   <variable id="Next topic">Следна тема</variable>
   <variable id="Previous topic">Претходна тема</variable>
   <variable id="Parent topic">Матична тема</variable>
   <variable id="Required cleanup">Потребно средување</variable>
   <variable id="Draft comment">Прелиминарен коментар</variable>
   <variable id="Option">Избор</variable>
   <variable id="Description">Опис</variable>
   <variable id="Optional">Изборен</variable>
   <variable id="Required">Потребен</variable>
   <variable id="Skip visual syntax diagram">Прескокнете го визуелниот синтаксички дијаграм</variable>
   <variable id="Read syntax diagram">Прочитајте го синтаксичкиот дијаграм</variable>
   <variable id="Start of change">Почеток на промена</variable>
   <variable id="End of change">Крај на промена</variable>
   <variable id="Index">Индекс</variable>
   <variable id="Special characters">Специјални знаци</variable>
   <variable id="Numerics">Нумерици</variable>
   <variable id="End notes">Крајни забелешки</variable>
   <variable id="Artwork">Цртежи</variable>
   <variable id="Syntax">Синтакса</variable>
   <variable id="Type">Тип</variable>
   <variable id="Value">Вредност</variable>
   <variable id="Note">Забелешка</variable>
   <variable id="Notes">Забелешки</variable>
   <variable id="Notice">Notice</variable><!--TODO:Notice-->
   <variable id="Tip">Помошна информација</variable>
   <variable id="Fastpath">Прекутрупа</variable>
   <variable id="Important">Важно</variable>
   <variable id="Attention">Внимание</variable>
   <variable id="Caution">ПРЕДУПРЕДУВАЊЕ</variable>
   <variable id="Danger">ОПАСНОСТ</variable>
   <variable id="Remember">Запаметете</variable>
   <variable id="Restriction">Ограничување</variable>
   <variable id="Trouble">Проблем</variable>
   <variable id="Warning">Предупредување</variable>
   <variable id="Contents">Содржина</variable>
   <variable id="Related concepts">Сродни концепти</variable>
   <variable id="Related tasks">Сродни задачи</variable>
   <variable id="Related reference">Сродни референци</variable>
   <variable id="Related information">Сродни информации</variable>
   <variable id="Prerequisite">Потребно предзнаење</variable>
   <variable id="Prerequisites">Потребни предзнаења</variable>
   <variable id="or">or</variable>
   <variable id="task_context">За оваа активност</variable>
   <variable id="task_example">Пример</variable>
   <variable id="task_postreq">Што да направите следно</variable>
   <variable id="task_prereq">Пред да започнете</variable>
   <variable id="task_procedure">Процедура</variable>
   <variable id="task_procedure_unordered">Процедура</variable>
   <variable id="task_results">Резултати</variable>
   <variable id="Copyright">Авторски права</variable>
   <variable id="a11y.and-then"/>
</variables>
