<?xml version="1.0" encoding="UTF-8"?>
<!--
This file is part of the DITA Open Toolkit project.

Copyright 2004, 2005 IBM Corporation

See the accompanying LICENSE file for applicable license.
-->
<?xml-model href="strings.rnc" type="application/relax-ng-compact-syntax"?>
<variables>
   <variable id="Figure">Малюнак</variable>
   <variable id="Table">Табліца</variable>
   <variable id="Next topic">Наступная тэма</variable>
   <variable id="Previous topic">Папярэдняя тэма</variable>
   <variable id="Parent topic">Тэма вышэйшага ўзроўню</variable>
   <variable id="Required cleanup">Патрэбна выпраўленне</variable>
   <variable id="Draft comment">Чарнавая заўвага</variable>
   <variable id="Option">Настройка</variable>
   <variable id="Description">Апісанне</variable>
   <variable id="Optional">Неабавазкова</variable>
   <variable id="Required">Абавязкова</variable>
   <variable id="Skip visual syntax diagram">Прапусціць сінт. дыяграму</variable>
   <variable id="Read syntax diagram">Чытаць сінт. дыяграму</variable>
   <variable id="Start of change">Пачатак змянення</variable>
   <variable id="End of change">Канец змянення</variable>
   <variable id="Index">Індэкс</variable>
   <variable id="Special characters">Спецыяльныя сімвалы</variable>
   <variable id="Numerics">Лічбы</variable>
   <variable id="End notes">Зноскі</variable>
   <variable id="Artwork">Ілюстрацыя</variable>
   <variable id="Syntax">Сінтакс.</variable>
   <variable id="Type">Тып</variable>
   <variable id="Value">Значэнне</variable>
   <variable id="Note">Заўвага</variable>
   <variable id="Notes">Заўвагі</variable>
   <variable id="Notice">Notice</variable><!--TODO:Notice-->
   <variable id="Tip">Парада</variable>
   <variable id="Fastpath">Хуткі пераход</variable>
   <variable id="Important">Важна</variable>
   <variable id="Attention">Увага</variable>
   <variable id="Caution">ПАПЯРЭДЖАННЕ</variable>
   <variable id="Danger">НЕБЯСПЕКА</variable>
   <variable id="Remember">Напамін</variable>
   <variable id="Restriction">Абмежаванне</variable>
   <variable id="Trouble">Непаладка</variable>
   <variable id="Warning">Папярэджанне</variable>
   <variable id="Contents">Змест</variable>
   <variable id="Related concepts">Адпаведныя канцэпцыі</variable>
   <variable id="Related tasks">Адпаведныя задачы</variable>
   <variable id="Related reference">Адпаведная спасылка</variable>
   <variable id="Related information">Адпаведная інфармацыя</variable>
   <variable id="Prerequisite">Перадумова</variable>
   <variable id="Prerequisites">Перадумовы</variable>
   <variable id="or">або</variable>
   <variable id="task_context">Аб гэтай задачы</variable>
   <variable id="task_example">Прыклад</variable>
   <variable id="task_postreq">Далейшыя дзеяннi</variable>
   <variable id="task_prereq">Перад пачаткам работы</variable>
   <variable id="task_procedure">Парадак выканання</variable>
   <variable id="task_procedure_unordered">Парадак выканання</variable>
   <variable id="task_results">Рэзультаты</variable>
   <variable id="Copyright">Copyright</variable>
   <variable id="a11y.and-then"/>
</variables>
