<?xml version="1.0" encoding="UTF-8"?>
<!--
This file is part of the DITA Open Toolkit project.

Copyright 2004, 2005 IBM Corporation

See the accompanying LICENSE file for applicable license.
-->
<?xml-model href="strings.rnc" type="application/relax-ng-compact-syntax"?>
<variables>
   <variable id="Figure">Figura</variable>
   <variable id="Table">Taula</variable>
   <variable id="Next topic">Tema següent</variable>
   <variable id="Previous topic">Tema anterior</variable>
   <variable id="Parent topic">Tema principal</variable>
   <variable id="Required cleanup">Per revisar</variable>
   <variable id="Draft comment">Esborrany: comentaris</variable>
   <variable id="Option">Opció</variable>
   <variable id="Description">Descripció</variable>
   <variable id="Optional">Opcional</variable>
   <variable id="Required">Necessari</variable>
   <variable id="Skip visual syntax diagram">Ometre l'esquema de sintaxi visual</variable>
   <variable id="Read syntax diagram">Llegir l'esquema de sintaxi</variable>
   <variable id="Start of change">Inici del canvi</variable>
   <variable id="End of change">Fi del canvi</variable>
   <variable id="Index">Índex</variable>
   <variable id="Special characters">Caràcters Especials</variable>
   <variable id="Numerics">Números</variable>
   <variable id="End notes">Notes al peu</variable>
   <variable id="Artwork">Gràfics</variable>
   <variable id="Syntax">Sintaxi</variable>
   <variable id="Type">Tipus</variable>
   <variable id="Value">Valor</variable>
   <variable id="intro-to-topic-link">apartat</variable>
   <variable id="Note">Nota</variable>
   <variable id="Notes">Notes</variable>
   <variable id="Notice">Notice</variable><!--TODO:Notice-->
   <variable id="Tip">Consell</variable>
   <variable id="Fastpath">Drecera</variable>
   <variable id="Important">Important</variable>
   <variable id="Attention">Atenció</variable>
   <variable id="Caution">PRECAUCIÓ</variable>
   <variable id="Danger">PERILL</variable>
   <variable id="Remember">Recordeu</variable>
   <variable id="Restriction">Restricció</variable>
   <variable id="Trouble">Problema</variable>
   <variable id="Warning">Avís</variable>
   <variable id="Contents">Contingut</variable>
   <variable id="Related concepts">Conceptes relacionats</variable>
   <variable id="Related tasks">Tasques relacionades</variable>
   <variable id="Related reference">Referència relacionada</variable>
   <variable id="Related information">Informació relacionada</variable>
   <variable id="Prerequisite">Requisit</variable>
   <variable id="Prerequisites">Requisits</variable>
   <variable id="or">or</variable>
   <variable id="task_context">Quant a aquesta tasca</variable>
   <variable id="task_example">Exemple</variable>
   <variable id="task_postreq">Què cal fer posteriorment</variable>
   <variable id="task_prereq">Abans de començar</variable>
   <variable id="task_procedure">Procediment</variable>
   <variable id="task_procedure_unordered">Procediment</variable>
   <variable id="task_results">Resultats</variable>
   <variable id="Copyright">Copyright</variable>
   <variable id="a11y.and-then"/>
</variables>
