<?xml version="1.0" encoding="UTF-8"?>
<!--
This file is part of the DITA Open Toolkit project.

Copyright 2004, 2005 IBM Corporation

See the accompanying LICENSE file for applicable license.
-->
<?xml-model href="strings.rnc" type="application/relax-ng-compact-syntax"?>
<variables>
   <variable id="Figure">Abbildung</variable>
   <variable id="Table">Tabelle</variable>
   <variable id="Next topic">Nächstes Thema</variable>
   <variable id="Previous topic">Vorheriges Thema</variable>
   <variable id="Parent topic">Übergeordnetes Thema</variable>
   <variable id="Required cleanup">Erforderliche Korrektur</variable>
   <variable id="Draft comment">Kommentar</variable>
   <variable id="Option">Option</variable>
   <variable id="Description">Bezeichnung</variable>
   <variable id="Optional">Optional</variable>
   <variable id="Required">Erforderlich</variable>
   <variable id="Skip visual syntax diagram">Syntaxdiagramm überspringen</variable>
   <variable id="Read syntax diagram">Syntaxdiagramm lesen</variable>
   <variable id="Start of change">Beginn der Änderung</variable>
   <variable id="End of change">Ende der Änderung</variable>
   <variable id="Index">Index</variable>
   <variable id="Special characters">Sonderzeichen</variable>
   <variable id="Numerics">Numerische Stichwörter</variable>
   <variable id="End notes">Endnoten</variable>
   <variable id="Artwork">Bildmaterial</variable>
   <variable id="Syntax">Syntax</variable>
   <variable id="Type">Typ</variable>
   <variable id="Value">Wert</variable>
   <variable id="Note">Anmerkung</variable>
   <variable id="Notes">Anmerkungen</variable>
   <variable id="Notice">HINWEIS</variable>
   <variable id="Tip">Tipp</variable>
   <variable id="Fastpath">Direktaufruf</variable>
   <variable id="Important">Wichtig</variable>
   <variable id="Attention">Achtung</variable>
   <variable id="Caution">VORSICHT</variable>
   <variable id="Danger">GEFAHR</variable>
   <variable id="Remember">Merke</variable>
   <variable id="Restriction">Einschränkung</variable>
   <variable id="Trouble">Problem</variable>
   <variable id="Warning">WARNUNG</variable>
   <variable id="Contents">Inhaltsverzeichnis</variable>
   <variable id="Related concepts">Zugehörige Konzepte</variable>
   <variable id="Related tasks">Zugehörige Tasks</variable>
   <variable id="Related reference">Zugehörige Verweise</variable>
   <variable id="Related information">Zugehörige Informationen</variable>
   <variable id="Prerequisite">Voraussetzung</variable>
   <variable id="Prerequisites">Voraussetzungen</variable>
   <variable id="or">oder</variable>
   <variable id="task_context">Warum und wann dieser Vorgang ausgeführt wird</variable>
   <variable id="task_example">Beispiel</variable>
   <variable id="task_prereq">Vorbereitungen</variable>
   <variable id="task_postreq">Nächste Maßnahme</variable>
   <variable id="task_procedure">Prozedur</variable>
   <variable id="task_procedure_unordered">Prozedur</variable>
   <variable id="task_results">Ergebnisse</variable>
   <variable id="Copyright">Copyright</variable>
   <variable id="OpenQuote">„</variable>
   <variable id="CloseQuote">“</variable>
   <variable id="a11y.and-then"/>
</variables>
