<?xml version="1.0" encoding="UTF-8"?>
<!--
This file is part of the DITA Open Toolkit project.

Copyright 2004, 2005 IBM Corporation

See the accompanying LICENSE file for applicable license.
-->
<?xml-model href="strings.rnc" type="application/relax-ng-compact-syntax"?>
<variables>
   <variable id="Figure">Ilustracija</variable>
   <variable id="Table">Tabela</variable>
   <variable id="Next topic">Sledeća tema</variable>
   <variable id="Previous topic">Prethodna tema</variable>
   <variable id="Parent topic">Nadređena tema</variable>
   <variable id="Required cleanup">Neophodno čišćenje</variable>
   <variable id="Draft comment">Komentar na koncept</variable>
   <variable id="Option">Izbor</variable>
   <variable id="Description">Opis</variable>
   <variable id="Optional">Neobavezno</variable>
   <variable id="Required">Neophodno</variable>
   <variable id="Skip visual syntax diagram">Preskočite vizualni sintaksni dijagram</variable>
   <variable id="Read syntax diagram">Pročitajte vizualni sintaksni dijagram</variable>
   <variable id="Start of change">Početak promene</variable>
   <variable id="End of change">Kraj promene</variable>
   <variable id="Index">Indeks</variable>
   <variable id="Special characters">Posebni Znaci</variable>
   <variable id="Numerics">Numerici</variable>
   <variable id="End notes">Završne primedbe</variable>
   <variable id="Artwork">Ilustracije</variable>
   <variable id="Syntax">Sintaksa</variable>
   <variable id="Type">Vrsta</variable>
   <variable id="Value">Vrednost</variable>
   <variable id="Note">Napomena</variable>
   <variable id="Notes">Napomene</variable>
   <variable id="Notice">Notice</variable><!--TODO:Notice-->
   <variable id="Tip">Savet</variable>
   <variable id="Fastpath">Prečica</variable>
   <variable id="Important">Važno</variable>
   <variable id="Attention">Pažnja</variable>
   <variable id="Caution">UPOZORENJE</variable>
   <variable id="Danger">OPASNOST</variable>
   <variable id="Remember">Zapamtite</variable>
   <variable id="Restriction">Ograničenje</variable>
   <variable id="Trouble">Problem</variable>
   <variable id="Warning">Upozorenje</variable>
   <variable id="Contents">Sadržaj</variable>
   <variable id="Related concepts">Srodni koncepti</variable>
   <variable id="Related tasks">Srodni zadaci</variable>
   <variable id="Related reference">Srodna referenca</variable>
   <variable id="Related information">Srodna informacija</variable>
   <variable id="Prerequisite">Preduslov</variable>
   <variable id="Prerequisites">Preduslovi</variable>
   <variable id="or">or</variable>
   <variable id="task_context">O ovom zadatku</variable>
   <variable id="task_example">Primer</variable>
   <variable id="task_postreq">Šta uraditi sledeće</variable>
   <variable id="task_prereq">Pre nego što počnete</variable>
   <variable id="task_procedure">Postupak</variable>
   <variable id="task_procedure_unordered">Postupak</variable>
   <variable id="task_results">Rezultat</variable>
   <variable id="Copyright">Copyright</variable>
   <variable id="a11y.and-then"/>
</variables>
