<?xml version="1.0" encoding="UTF-8"?>
<!--
This file is part of the DITA Open Toolkit project.

Copyright 2009 IBM Corporation

See the accompanying LICENSE file for applicable license.
-->
<?xml-model href="strings.rnc" type="application/relax-ng-compact-syntax"?>
<variables>
   <variable id="Figure">تصویر</variable>
   <variable id="Table">جدول</variable>
   <variable id="Next topic">اگلا موضوع</variable>
   <variable id="Previous topic">سابقہ موضوع</variable>
   <variable id="Parent topic">مادر موضوع</variable>
   <variable id="Required cleanup">مطلوبہ صفائی</variable>
   <variable id="Draft comment">تبصرے کا مسودہ</variable>
   <variable id="Option">اختیار</variable>
   <variable id="Description">وضاحت</variable>
   <variable id="Optional">اختیاری</variable>
   <variable id="Required">ضروری</variable>
   <variable id="Skip visual syntax diagram">وژوئل سنٹیکس کی شکل چھوڑ دیں</variable>
   <variable id="Read syntax diagram">وژوئل سنٹیکس کی شکل پڑھیں</variable>
   <variable id="Start of change">تبدیلی کی شروعات</variable>
   <variable id="End of change">تبدیلی کی کا اختتام</variable>
   <variable id="Index">انڈکس</variable>
   <variable id="Special characters">خاص حروف</variable>
   <variable id="Numerics">نمبر</variable>
   <variable id="End notes">اختتامی نوٹس</variable>
   <variable id="Artwork">آرٹ ورک</variable>
   <variable id="Syntax">سنٹیکس</variable>
   <variable id="Type">قسم</variable>
   <variable id="Value">قدر</variable>
   <variable id="Note">نوٹ</variable>
   <variable id="Notes">نوٹس</variable>
   <variable id="Notice">Notice</variable><!--TODO:Notice-->
   <variable id="Tip">مشورہ</variable>
   <variable id="Fastpath">تیز طریقہ</variable>
   <variable id="Important">اہم</variable>
   <variable id="Attention">براۓ توجہ</variable>
   <variable id="Caution">احتیاط</variable>
   <variable id="Danger">خطرناک</variable>
   <variable id="Remember">یاد رکھیں</variable>
   <variable id="Restriction">پابندی</variable>
   <variable id="Trouble">مشکل/پریشانی</variable>
   <variable id="Warning">انتباہ</variable>
   <variable id="Contents">فہرست</variable>
   <variable id="Related concepts">متعلقہ خیالات</variable>
   <variable id="Related tasks">متعلقہ کام</variable>
   <variable id="Related reference">متعلقہ حوالہ</variable>
   <variable id="Related information">متعلقہ معلومات</variable>
   <variable id="Prerequisite">شرط اول</variable>
   <variable id="Prerequisites">اولین شرطیں</variable>
   <variable id="or">یا</variable>
   <variable id="task_context">اس کام کے متعلق</variable>
   <variable id="task_example">مثال</variable>
   <variable id="task_postreq">آکے کیا کرنا ہے</variable>
   <variable id="task_prereq">قبل اس کے کہ آپ شروع کریں</variable>
   <variable id="task_procedure">طریق عمل</variable>
   <variable id="task_procedure_unordered">طریق عمل</variable>
   <variable id="task_results">نتائج</variable>
   <variable id="Copyright">حقوق</variable>
   <variable id="a11y.and-then"/>
</variables>
