<?xml version="1.0" encoding="UTF-8"?>
<!--
This file is part of the DITA Open Toolkit project.

Copyright 2009 IBM Corporation

See the accompanying LICENSE file for applicable license.
-->
<?xml-model href="strings.rnc" type="application/relax-ng-compact-syntax"?>
<variables>
   <variable id="Figure">संख्या</variable>
   <variable id="Table">तालिका</variable>
   <variable id="Next topic">अगला विषय</variable>
   <variable id="Previous topic">पिछला विषय</variable>
   <variable id="Parent topic">जनक विषय</variable>
   <variable id="Required cleanup">आवश्यक परिमार्जन</variable>
   <variable id="Draft comment">मसौदा टिप्पणी</variable>
   <variable id="Option">विकल्प</variable>
   <variable id="Description">विवरण</variable>
   <variable id="Optional">वैकल्पिक</variable>
   <variable id="Required">आवश्यक</variable>
   <variable id="Skip visual syntax diagram">दृश्य वाक्यविन्यास आरेख छोड़ जाना</variable>
   <variable id="Read syntax diagram">पढ़ें वाक्यविन्यास आरेख</variable>
   <variable id="Start of change">शुरू परिवर्तन</variable>
   <variable id="End of change">परिवर्तन  समाप्ति</variable>
   <variable id="Index">सूचकांक</variable>
   <variable id="Special characters">विशेष वर्ण</variable>
   <variable id="Numerics">संख्या</variable>
   <variable id="End notes">अंत नोट</variable>
   <variable id="Artwork">कलाकृति</variable>
   <variable id="Syntax">वाक्यविन्यास</variable>
   <variable id="Type">प्रकार</variable>
   <variable id="Value">मूल्य</variable>
   <variable id="Note">नोट</variable>
   <variable id="Notes">नोट्स</variable>
   <variable id="Notice">Notice</variable><!--TODO:Notice-->
   <variable id="Tip">टिप</variable>
   <variable id="Fastpath">फास्ट पथ</variable>
   <variable id="Important">महत्वपूर्ण</variable>
   <variable id="Attention">ध्यान दें</variable>
   <variable id="Caution">चेतावनी</variable>
   <variable id="Danger">खतरा</variable>
   <variable id="Remember">याद करना</variable>
   <variable id="Restriction">प्रतिबंध</variable>
   <variable id="Trouble">समस्या</variable>
   <variable id="Warning">चेतावनी</variable>
   <variable id="Contents">सामग्री</variable>
   <variable id="Related concepts">संबंधित अवधारणाए</variable>
   <variable id="Related tasks">संबंधित कार्य</variable>
   <variable id="Related reference">संबंधित संदर्भ</variable>
   <variable id="Related information">संबंधित जानकारी</variable>
   <variable id="Prerequisite">शर्त</variable>
   <variable id="Prerequisites">शर्त</variable>
   <variable id="or">या</variable>
   <variable id="task_context">इस कार्य के बारे में</variable>
   <variable id="task_example">उदाहरण</variable>
   <variable id="task_postreq">क्या करने के लिए अगले</variable>
   <variable id="task_prereq">इससे पहले कि आप शुरू</variable>
   <variable id="task_procedure">प्रक्रिया</variable>
   <variable id="task_procedure_unordered">प्रक्रिया</variable>
   <variable id="task_results">परिणाम</variable>
   <variable id="Copyright">कॉपीराइट</variable>
   <variable id="a11y.and-then"/>
</variables>
