<?xml version="1.0" encoding="UTF-8"?>
<!--
This file is part of the DITA Open Toolkit project.
 See the accompanying LICENSE file for
 applicable licenses.-->
<?xml-model href="strings.rnc" type="application/relax-ng-compact-syntax"?>
<variables>
   <variable id="Figure">Hình</variable>
   <variable id="Table">Bảng</variable>
   <variable id="Next topic">Chủ đề tiếp theo</variable>
   <variable id="Previous topic">Chủ đề trước</variable>
   <variable id="Parent topic">Chủ đề chính</variable>
   <variable id="Required cleanup">Yêu cầu dọn dẹp</variable>
   <variable id="Draft comment">Đánh giá nháp</variable>
   <variable id="Option">Tùy chọn</variable>
   <variable id="Description">Mô tả</variable>
   <variable id="Optional">Tùy chọn</variable>
   <variable id="Required">Yêu cầu</variable>
   <variable id="Skip visual syntax diagram">Bỏ qua sơ đồ cú pháp bằng hình ảnh</variable>
   <variable id="Read syntax diagram">Đọc sơ đồ cú pháp</variable>
   <variable id="Text version of syntax diagram">Phiên bản bằng văn bản của sơ đồ cú pháp</variable>
   <variable id="Start of change">Bắt đầu thay đổi</variable>
   <variable id="End of change">Kết thúc thay đổi</variable>
   <variable id="Index">Chỉ mục</variable>
   <variable id="Special characters">Ký tự đặc biệt</variable>
   <variable id="Numerics">Số</variable>
   <variable id="End notes">Ghi chú cuối trang</variable>
   <variable id="Artwork">Ảnh bìa</variable>
   <variable id="Syntax">Cú pháp</variable>
   <variable id="Type">Loại</variable>
   <variable id="Value">Giá trị</variable>
   <variable id="Note">Ghi chú</variable>
   <variable id="Notes">Các ghi chú</variable>
   <variable id="Notice">Notice</variable><!--TODO:Notice-->
   <variable id="Tip">Mẹo</variable>
   <variable id="Fastpath">Đường dẫn nhanh</variable>
   <variable id="Important">Quan trọng</variable>
   <variable id="Attention">Chú ý</variable>
   <variable id="Caution">THẬN TRỌNG</variable>
   <variable id="Danger">NGUY HIỂM</variable>
   <variable id="Remember">Ghi nhớ</variable>
   <variable id="Warning">Cảnh báo</variable>
   <variable id="Restriction">Hạn chế</variable>
   <variable id="Trouble">sự cố or vấn đề</variable>
   <variable id="Contents">Nội dung</variable>
   <variable id="Related concepts">Các khái niệm liên quan</variable>
   <variable id="Related tasks">Các tác vụ liên quan</variable>
   <variable id="Related reference">Tham chiếu liên quan</variable>
   <variable id="Related information">Thông tin liên quan</variable>
   <variable id="Prerequisite">Điều kiện tiên quyết</variable>
   <variable id="Prerequisites">Các điều kiện tiên quyết</variable>
   <variable id="or">hoặc</variable>
   <variable id="Prerequisite">Prerequisite</variable>
   <variable id="Prerequisites">Prerequisites</variable>
   <variable id="or">or</variable>
   <variable id="task_context">Thông tin về tác vụ này</variable>
   <variable id="task_example">Ví dụ</variable>
   <variable id="task_postreq">Điều cần làm tiếp theo</variable>
   <variable id="task_prereq">Trước khi bạn bắt đầu</variable>
   <variable id="task_procedure">Quy trình</variable>
   <variable id="task_procedure_unordered">Quy trình</variable>
   <variable id="task_results">Kết quả</variable>
   <variable id="Copyright">Bản quyền</variable>
   <variable id="a11y.and-then"/>
</variables>
