<?xml version="1.0" encoding="UTF-8"?>
<!--
This file is part of the DITA Open Toolkit project.

Copyright 2004, 2005 IBM Corporation

See the accompanying LICENSE file for applicable license.
-->
<?xml-model href="strings.rnc" type="application/relax-ng-compact-syntax"?>
<variables>
   <variable id="Figure">شكل</variable>
   <variable id="Table">جدول</variable>
   <variable id="Next topic">الموضوع التالي</variable>
   <variable id="Previous topic">الموضوع السابق</variable>
   <variable id="Parent topic">الموضوع الأصلي</variable>
   <variable id="Required cleanup">الاخلاء المطلوب</variable>
   <variable id="Draft comment">تعليق المسودة</variable>
   <variable id="Option">اختيار</variable>
   <variable id="Description">توصيف</variable>
   <variable id="Optional">اختياري</variable>
   <variable id="Required">مطلوب</variable>
   <variable id="Skip visual syntax diagram">تخطي شكل الصيغة المرئية</variable>
   <variable id="Read syntax diagram">شكل صيغة القراءة</variable>
   <variable id="Start of change">بداية التغيير</variable>
   <variable id="End of change">نهاية التغيير</variable>
   <variable id="Index">الفهرس</variable>
   <variable id="Special characters">الحروف الخاصة</variable>
   <variable id="Numerics">أرقام</variable>
   <variable id="End notes">ملحوظات النهاية</variable>
   <variable id="Artwork">عمل فني</variable>
   <variable id="Syntax">الصيغة</variable>
   <variable id="Type">النوع</variable>
   <variable id="Value">القيمة</variable>
   <variable id="Note">ملاحظة</variable>
   <variable id="Notes">ملاحظات</variable>
   <variable id="Notice">Notice</variable><!--TODO:Notice-->
   <variable id="Tip">تلميح</variable>
   <variable id="Fastpath">طريقة مختصرة</variable>
   <variable id="Important">هام</variable>
   <variable id="Attention">تنبيه</variable>
   <variable id="Caution">تحذير</variable>
   <variable id="Danger">خطر</variable>
   <variable id="Remember">تذكر</variable>
   <variable id="Restriction">ممنوع</variable>
   <variable id="Trouble">المشكلة</variable>
   <variable id="Warning">تحذﻳر</variable>
   <variable id="Contents">المحتويات</variable>
   <variable id="Related concepts">المفاهيم المتعلقة</variable>
   <variable id="Related tasks">المهام المتعلقة</variable>
   <variable id="Related reference">المرجع المتعلق</variable>
   <variable id="Related information">المعلومات المتعلقة</variable>
   <variable id="Prerequisite">متطلب رئيسي</variable>
   <variable id="Prerequisites">متطلبات رئيسية</variable>
   <variable id="or">or</variable>
   <variable id="task_context">نبذة عن هذه المهمة</variable>
   <variable id="task_example">مثال</variable>
   <variable id="task_postreq">ما تريد القيام به بعد الآن</variable>
   <variable id="task_prereq">قبل البدء</variable>
   <variable id="task_procedure">اجراء</variable>
   <variable id="task_procedure_unordered">اجراء</variable>
   <variable id="task_results">النتائج</variable>
   <variable id="Copyright">حقوق النشر لشركة</variable>
   <variable id="a11y.and-then"/>
</variables>
