<?xml version="1.0" encoding="UTF-8"?>
<!--
This file is part of the DITA Open Toolkit project.

Copyright 2004, 2005 IBM Corporation

See the accompanying LICENSE file for applicable license.
-->
<?xml-model href="strings.rnc" type="application/relax-ng-compact-syntax"?>
<variables>
   <variable id="Figure">Figuur</variable>
   <variable id="Table">Tabel</variable>
   <variable id="Next topic">Volgend onderwerp</variable>
   <variable id="Previous topic">Vorig onderwerp</variable>
   <variable id="Parent topic">Hoofdonderwerp</variable>
   <variable id="Required cleanup">Opschonen vereist</variable>
   <variable id="Draft comment">Opmerking over concept</variable>
   <variable id="Option">Optie</variable>
   <variable id="Description">Beschrijving</variable>
   <variable id="Optional">Optioneel</variable>
   <variable id="Required">Vereist</variable>
   <variable id="Skip visual syntax diagram">Syntaxisdiagram overslaan</variable>
   <variable id="Read syntax diagram">Syntaxisdiagram lezen</variable>
   <variable id="Start of change">Begin wijziging</variable>
   <variable id="End of change">Einde wijziging</variable>
   <variable id="Index">Index</variable>
   <variable id="Special characters">Speciale tekens</variable>
   <variable id="Numerics">Numerieke tekens</variable>
   <variable id="End notes">Eindnoten</variable>
   <variable id="Artwork">Artwork</variable>
   <variable id="Syntax">Syntaxis</variable>
   <variable id="Type">Type</variable>
   <variable id="Value">Waarde</variable>
   <variable id="Note">Opmerking</variable>
   <variable id="Notes">Opmerkingen</variable>
   <variable id="Notice">Notice</variable><!--TODO:Notice-->
   <variable id="Tip">Tip</variable>
   <variable id="Fastpath">Versnelde keuze</variable>
   <variable id="Important">Belangrijk</variable>
   <variable id="Attention">Waarschuwing</variable>
   <variable id="Caution">LET OP!</variable>
   <variable id="Danger">GEVAAR!</variable>
   <variable id="Remember">Let op</variable>
   <variable id="Restriction">Beperking</variable>
   <variable id="Trouble">Probleem</variable>
   <variable id="Warning">Waarschuwing</variable>
   <variable id="Contents">Inhoudsopgave</variable>
   <variable id="Related concepts">Verwante concepten</variable>
   <variable id="Related tasks">Verwante taken</variable>
   <variable id="Related reference">Verwante verwijzing</variable>
   <variable id="Related information">Verwante informatie</variable>
   <variable id="Prerequisite">Vereiste</variable>
   <variable id="Prerequisites">Vereisten</variable>
   <variable id="or">of</variable>
   <variable id="task_context">Over deze taak</variable>
   <variable id="task_example">Voorbeeld</variable>
   <variable id="task_postreq">Volgende stappen</variable>
   <variable id="task_prereq">Voordat u begint</variable>
   <variable id="task_procedure">Procedure</variable>
   <variable id="task_procedure_unordered">Procedure</variable>
   <variable id="task_results">Resultaten</variable>
   <variable id="Copyright">Copyright</variable>
   <variable id="a11y.and-then"/>
</variables>
