<?xml version="1.0" encoding="UTF-8"?>
<!--
This file is part of the DITA Open Toolkit project.

Copyright 2004, 2006 IBM Corporation

See the accompanying LICENSE file for applicable license.
-->
<?xml-model href="strings.rnc" type="application/relax-ng-compact-syntax"?>
<variables>
   <variable id="Figure">Mynd</variable>
   <variable id="Table">Tafla</variable>
   <variable id="Next topic">Næsti kafli</variable>
   <variable id="Previous topic">Fyrri kafli</variable>
   <variable id="Parent topic">Yfirkafli</variable>
   <variable id="Required cleanup">Nauðsynleg hreinsun</variable>
   <variable id="Draft comment">Tillaga um athugasemd</variable>
   <variable id="Option">Valkostur</variable>
   <variable id="Description">Lýsing</variable>
   <variable id="Optional">Valfrjáls</variable>
   <variable id="Required">Tilskilið</variable>
   <variable id="Skip visual syntax diagram">Sleppa sjónrænu flæðiriti málskipunar</variable>
   <variable id="Read syntax diagram">Lesa flæðirit málskipunar</variable>
   <variable id="Start of change">Byrjun breytingar</variable>
   <variable id="End of change">Lok breytingar</variable>
   <variable id="Index">Atriðaskrá</variable>
   <variable id="Special characters">Sérstök tákn</variable>
   <variable id="Numerics">Tölur</variable>
   <variable id="End notes">Lok athugasemda</variable>
   <variable id="Artwork">Myndefni</variable>
   <variable id="Syntax">Málskipan</variable>
   <variable id="Type">Gerð</variable>
   <variable id="Value">Gildi</variable>
   <variable id="Note">Athugið</variable>
   <variable id="Notes">Athugasemdir</variable>
   <variable id="Notice">Notice</variable><!--TODO:Notice-->
   <variable id="Tip">Heilræði</variable>
   <variable id="Fastpath">Flýtileið</variable>
   <variable id="Important">Áríðandi</variable>
   <variable id="Attention">Viðvörun</variable>
   <variable id="Caution">VARÚÐ</variable>
   <variable id="Danger">HÆTTA</variable>
   <variable id="Remember">Mundu</variable>
   <variable id="Restriction">Takmörkun</variable>
   <variable id="Trouble">Vandamál</variable>
   <variable id="Warning">Viðvörun</variable>
   <variable id="Contents">Efnisyfirlit</variable>
   <variable id="Related concepts">Skyld hugtök</variable>
   <variable id="Related tasks">Skyld verkefni</variable>
   <variable id="Related reference">Skyld tilvísun</variable>
   <variable id="Related information">Skyldar upplýsingar</variable>
   <variable id="Prerequisite">Forsenda</variable>
   <variable id="Prerequisites">Forsendur</variable>
   <variable id="or">eða</variable>
   <variable id="task_context">Um þetta verk</variable>
   <variable id="task_example">Dæmi</variable>
   <variable id="task_postreq">Það sem gera þarf næst</variable>
   <variable id="task_prereq">Áður en þú byrjar</variable>
   <variable id="task_procedure">Aðferð</variable>
   <variable id="task_procedure_unordered">Aðferð</variable>
   <variable id="task_results">Niðurstöður</variable>
   <variable id="Copyright">Copyright</variable>
   <variable id="a11y.and-then"/>
</variables>
