<?xml version="1.0" encoding="UTF-8"?>
<!--
This file is part of the DITA Open Toolkit project.

Copyright 2004, 2005 IBM Corporation

See the accompanying LICENSE file for applicable license.
-->
<?xml-model href="strings.rnc" type="application/relax-ng-compact-syntax"?>
<variables>
   <variable id="Figure">Figura</variable>
   <variable id="Table">Tabella</variable>
   <variable id="Next topic">Argomento successivo</variable>
   <variable id="Previous topic">Argomento precedente</variable>
   <variable id="Parent topic">Argomento principale</variable>
   <variable id="Required cleanup">Correzione necessaria</variable>
   <variable id="Draft comment">Commento per la versione bozza</variable>
   <variable id="Option">Opzione</variable>
   <variable id="Description">Descrizione</variable>
   <variable id="Optional">Opzionale</variable>
   <variable id="Required">Richiesto</variable>
   <variable id="Skip visual syntax diagram">Salta diagramma di sintassi</variable>
   <variable id="Read syntax diagram">Leggi diagramma di sintassi</variable>
   <variable id="Start of change">Inizio modifica</variable>
   <variable id="End of change">Fine modifica</variable>
   <variable id="Index">Indice analitico</variable>
   <variable id="Special characters">Caratteri speciali</variable>
   <variable id="Numerics">Numerico</variable>
   <variable id="End notes">Note a pié di pagina</variable>
   <variable id="Artwork">Figura</variable>
   <variable id="Syntax">Sintassi</variable>
   <variable id="Type">Tipo</variable>
   <variable id="Value">Valore</variable>
   <variable id="Note">Nota</variable>
   <variable id="Notes">Note</variable>
   <variable id="Notice">Notice</variable><!--TODO:Notice-->
   <variable id="Tip">Suggerimento</variable>
   <variable id="Fastpath">Percorso di accesso rapido</variable>
   <variable id="Important">Importante</variable>
   <variable id="Attention">Attenzione</variable>
   <variable id="Caution">Avvertenza</variable>
   <variable id="Danger">Pericolo</variable>
   <variable id="Remember">Attenzione</variable>
   <variable id="Restriction">Limitazione</variable>
   <variable id="Trouble">Problema</variable>
   <variable id="Warning">Avvertenza</variable>
   <variable id="Contents">Indice</variable>
   <variable id="Related concepts">Concetti correlati</variable>
   <variable id="Related tasks">Attività correlate</variable>
   <variable id="Related reference">Riferimenti correlati</variable>
   <variable id="Related information">Informazioni correlate</variable>
   <variable id="Prerequisite">Prerequisito</variable>
   <variable id="Prerequisites">Prerequisiti</variable>
   <variable id="or">oppure</variable>
   <variable id="task_context">Informazioni su questa attività</variable>
   <variable id="task_example">Esempio</variable>
   <variable id="task_prereq">Prima di iniziare</variable>
   <variable id="task_postreq">Operazioni successive</variable>
   <variable id="task_procedure">Procedura</variable>
   <variable id="task_procedure_unordered">Procedura</variable>
   <variable id="task_results">Risultati</variable>
   <variable id="Copyright">Copyright</variable>
   <variable id="OpenQuote">«</variable>
   <variable id="CloseQuote">»</variable>
   <variable id="a11y.and-then"/>
</variables>
