<?xml version="1.0" encoding="UTF-8"?>
<!--
This file is part of the DITA Open Toolkit project.

Copyright 2004, 2005 IBM Corporation

See the accompanying LICENSE file for applicable license.
-->
<?xml-model href="strings.rnc" type="application/relax-ng-compact-syntax"?>
<variables>
   <variable id="Figure">Slika</variable>
   <variable id="Table">Tabela</variable>
   <variable id="Next topic">Slijedeće poglavlje</variable>
   <variable id="Previous topic">Prethodno poglavlje</variable>
   <variable id="Parent topic">Nadređeno poglavlje</variable>
   <variable id="Required cleanup">Potrebno čišćenje</variable>
   <variable id="Draft comment">Komentar nacrta</variable>
   <variable id="Option">Opcija</variable>
   <variable id="Description">Opis</variable>
   <variable id="Optional">Opcionalno</variable>
   <variable id="Required">Potrebno</variable>
   <variable id="Skip visual syntax diagram">Preskočiti vizualni sintatički dijagram</variable>
   <variable id="Read syntax diagram">Pročitati sintatički dijagram</variable>
   <variable id="Start of change">Početak promijene</variable>
   <variable id="End of change">Kraj promijene</variable>
   <variable id="Index">Indeks</variable>
   <variable id="Special characters">Posebni znakovi</variable>
   <variable id="Numerics">Brojevi</variable>
   <variable id="End notes">Završne napomene</variable>
   <variable id="Artwork">Ilustracija</variable>
   <variable id="Syntax">Sintaksa</variable>
   <variable id="Type">Tip</variable>
   <variable id="Value">Vrijednost</variable>
   <variable id="Note">Zabilješka</variable>
   <variable id="Notes">Zabilješke</variable>
   <variable id="Notice">Notice</variable><!--TODO:Notice-->
   <variable id="Tip">Savjet</variable>
   <variable id="Fastpath">Brza staza</variable>
   <variable id="Important">Važno</variable>
   <variable id="Attention">Pažnja</variable>
   <variable id="Caution">Oprez</variable>
   <variable id="Danger">OPASNOST</variable>
   <variable id="Remember">Zapamtite</variable>
   <variable id="Restriction">Ograničenje</variable>
   <variable id="Warning">Upozorenje</variable>
   <variable id="Trouble">Problem</variable>
   <variable id="Contents">Sadržaj</variable>
   <variable id="Related concepts">Srodni koncepti</variable>
   <variable id="Related tasks">Srodni zadaci</variable>
   <variable id="Related reference">Srodne reference</variable>
   <variable id="Related information">Srodne informacije</variable>
   <variable id="Prerequisite">Preduslov</variable>
   <variable id="Prerequisites">Preduslovi</variable>
   <variable id="or">or</variable>
   <variable id="task_context">O ovom zadatku</variable>
   <variable id="task_example">Primjer</variable>
   <variable id="task_postreq">Šta uraditi sljedeće</variable>
   <variable id="task_prereq">Prije nego što počnete</variable>
   <variable id="task_procedure">Postupak</variable>
   <variable id="task_procedure_unordered">Postupak</variable>
   <variable id="task_results">Rezultati</variable>
   <variable id="Copyright">Copyright</variable>
   <variable id="a11y.and-then"/>
</variables>
