<?xml version="1.0" encoding="UTF-8"?>
<!--
This file is part of the DITA Open Toolkit project.

Copyright 2004, 2005 IBM Corporation

See the accompanying LICENSE file for applicable license.
-->
<?xml-model href="strings.rnc" type="application/relax-ng-compact-syntax"?>
<variables>
   <variable id="Figure">Rajah</variable>
   <variable id="Table">Jadual</variable>
   <variable id="Next topic">Tajuk seterusnya</variable>
   <variable id="Previous topic">Tajuk sebelumnya</variable>
   <variable id="Parent topic">Tajuk induk</variable>
   <variable id="Required cleanup">Pembersihan diperlukan</variable>
   <variable id="Draft comment">Komen draf</variable>
   <variable id="Option">Opsyen</variable>
   <variable id="Description">Deskripsi</variable>
   <variable id="Optional">Opsyenal</variable>
   <variable id="Required">Diperlukan</variable>
   <variable id="Skip visual syntax diagram">Langkau rajah sintaks visual</variable>
   <variable id="Read syntax diagram">Baca rajah sintaks</variable>
   <variable id="Start of change">Mula perubahan</variable>
   <variable id="End of change">Hujung perubahan</variable>
   <variable id="Index">Indeks</variable>
   <variable id="Special characters">Aksara khas</variable>
   <variable id="Numerics">Angka</variable>
   <variable id="End notes">Nota akhir</variable>
   <variable id="Artwork">Kerja seni</variable>
   <variable id="Syntax">Sintaks</variable>
   <variable id="Type">Jenis</variable>
   <variable id="Value">Nilai</variable>
   <variable id="Note">Nota</variable>
   <variable id="Notes">Nota</variable>
   <variable id="Notice">Notice</variable><!--TODO:Notice-->
   <variable id="Tip">Petua</variable>
   <variable id="Fastpath">Laluan pantas</variable>
   <variable id="Important">Penting</variable>
   <variable id="Attention">Perhatian</variable>
   <variable id="Caution">AWAS</variable>
   <variable id="Danger">BAHAYA</variable>
   <variable id="Remember">Ingat</variable>
   <variable id="Trouble">Masalah</variable>
   <variable id="Warning">Amaran</variable>
   <variable id="Restriction">Sekatan</variable>
   <variable id="Contents">Kandungan</variable>
   <variable id="Related concepts">Konsep berkaitan</variable>
   <variable id="Related tasks">Tugas berkaitan</variable>
   <variable id="Related reference">Rujukan berkaitan</variable>
   <variable id="Related information">Maklumat berkaitan</variable>
   <variable id="Prerequisite">Prasyarat</variable>
   <variable id="Prerequisites">Prasyarat</variable>
   <variable id="or">atau</variable>
   <variable id="task_context">Mengenai tugas ini</variable>
   <variable id="task_example">Contoh</variable>
   <variable id="task_postreq">Apa perlu dilakukan seterusnya</variable>
   <variable id="task_prereq">Sebelum anda bermula</variable>
   <variable id="task_procedure">Prosedur</variable>
   <variable id="task_procedure_unordered">Prosedur</variable>
   <variable id="task_results">Hasil</variable>
   <variable id="Copyright">Hak Cipta</variable>
   <variable id="a11y.and-then"/>
</variables>
