<?xml version='1.0' encoding='UTF-8'?>


<project xmlns:dita="http://dita-ot.sourceforge.net" xmlns:if="ant:if" xmlns:unless="ant:unless" name="dita2HPEscHtml5">
  <target name="dita2HPEscHtml5"
          dita:depends="{depend.HPEscHTML5.pre},HPEscHTML5.html5.init, html5.init,
                   build-init,
                   preprocess2-hpe,
                   HPEscHTML5.html5.topic,
                   HPEscHTML5.html5.map,
                   html5.css, build.toc.json, build.resources.json, flatten.toc.list, build.pages.json, {depend.HPEscHTML5.post}, hpecopymore"
          dita:extension="depends org.dita.dost.platform.InsertDependsAction">

	   <echo>Running HTML5 output for HPE Support Center</echo>
  </target>
  
  <!-- copy all css files in dir to build css dir -->
  <!-- since only one file can be defined and automatically copied via args.css and we want two separate files to be used, we are using a single css file (css_parent.css) that imports the two files in order. This target copies the extra files -->
  <target name="hpecopymore">
    <delete>
		<fileset dir="${user.csspath.real}" includes="**/common*.css"/>
	</delete>
	
	<!-- copy custom css files -->
	<copy todir="${user.csspath.real}">
      <fileset dir="${dita.plugin.com.hpe.html5.common.dir}/css" includes="*.css"/>
    </copy>

  
  
  </target>
  <!-- HPE joshuaj changed property to point to com.hpe.html5.common -->
  <target name="HPEscHTML5.html5.init">
    <property name="args.cssroot" location="${dita.plugin.com.hpe.html5.common.dir}/css"/>
    <property name="args.css" value="css_parent.css"/>
    <property name="args.copycss" value="yes"/>
    <property name="args.csspath" value="css"/>
    <property name="args.xsl" value="${dita.plugin.com.hpe.html5.common.dir}/xsl/dita2html5.xsl"/>
    <property name="args.rellinks" value="noparent"/>
    <property name="args.figurelink.style" value="TITLE"/>
    <property name="args.tablelink.style" value="TITLE"/>
    <property name="args.gen.task.lbl" value="YES"/>
    <property name="force-unique" value="true"/>
    <property name="topicpull.title.prefix" value="YES"/>
  </target>
  
  <target name="HPEscHTML5.html5.topic"
          depends="html5.topic.init,
                   html5.image-metadata,
                   html5.topics.common,
                   html5.topics.common.inner,
                   postprocess-hpe.rename.root-chunk.topic"/>

  <target name="HPEscHTML5.html5.map"
          depends="HPEscHTML5.html5.map.init,
                   html5.map.toc"/>

  <target name="HPEscHTML5.html5.map.init">
    <property name="args.html5.toc.xsl" value="${dita.plugin.com.hpe.html5.common.dir}/xsl/map2html5-cover.xsl"/>
    <property name="args.html5.toc" value="index"/>
    <property name="html5.toc.generate" value="true"/>
    <condition property="_html5.toc.skip" value="true">
      <or>
        <isset property="noMap"/>
        <isfalse value="${html5.toc.generate}"/>
        <istrue value="${root-chunk.is.to-content}"/>
      </or>
    </condition>
  </target>
  
  <target name="build.toc.json">
       <echo>Building toc.json with common plugin</echo>
	    <xslt processor="trax" in="${dita.temp.dir}/${user.input.file}" out="${dita.output.dir}/_hpesc/toc.json"
              style="${dita.plugin.com.hpe.html5.common.dir}/xsl/hpe.toc.json.xsl" force="yes"
              classpathref="dost.class.path">
			  <xmlcatalog refid="dita.catalog"/>
        </xslt>
  </target> 
    <target name="build.resources.json">
       <echo>Building resources.json with common plugin</echo>
	    <xslt processor="trax" in="${dita.temp.dir}/${user.input.file}" out="${dita.output.dir}/_hpesc/resources.json"
              style="${dita.plugin.com.hpe.html5.common.dir}/xsl/hpe.resources.jsonImpl.xsl" force="yes"
              classpathref="dost.class.path">
			  <xmlcatalog refid="dita.catalog"/>
        </xslt>
  </target>
  <target name="build.pages.json">
       <echo>Building pages.json</echo>
	    <xslt processor="trax" in="${dita.temp.dir}/flat-toc-list.xml" out="${dita.output.dir}/_hpesc/pages.json"
              style="${dita.plugin.com.hpe.html5.common.dir}/xsl/hpe.pages.json.xsl" force="yes"
              classpathref="dost.class.path">
        </xslt>
  </target>
  <target name="flatten.toc.list">
       <echo>Building a flattened version of user.input.file ...</echo>
	   <xslt processor="trax" in="${dita.temp.dir}/${user.input.file}" out="${dita.temp.dir}/flat-toc-list.xml"
              style="${dita.plugin.com.hpe.html5.common.dir}/xsl/hpe.flatten-toc-list.xsl" force="yes"
              classpathref="dost.class.path">
			  <xmlcatalog refid="dita.catalog"/>
        </xslt>
  </target> 
</project>
