<?xml version="1.0" encoding="UTF-8"?>
<!--
This file is part of the DITA Open Toolkit project.

Copyright 2004, 2005 IBM Corporation

See the accompanying LICENSE file for applicable license.
-->
<?xml-model href="strings.rnc" type="application/relax-ng-compact-syntax"?>
<variables>
   <variable id="Figure">Slika</variable>
   <variable id="Table">Tabela</variable>
   <variable id="Next topic">Naslednja tema</variable>
   <variable id="Previous topic">Prejšnja tema</variable>
   <variable id="Parent topic">Nadrejena tema</variable>
   <variable id="Required cleanup">Potrebno je čiščenje</variable>
   <variable id="Draft comment">Osnutek komentarja</variable>
   <variable id="Option">Možnost</variable>
   <variable id="Description">Opis</variable>
   <variable id="Optional">Dodatno</variable>
   <variable id="Required">Zahtevano</variable>
   <variable id="Skip visual syntax diagram">Preskoči vizualni skladenjski diagram</variable>
   <variable id="Read syntax diagram">Preberi skladenjski diagram</variable>
   <variable id="Start of change">Začetek spremembe</variable>
   <variable id="End of change">Konec spremembe</variable>
   <variable id="Index">Stvarno kazalo</variable>
   <variable id="Special characters">Posebni znaki</variable>
   <variable id="Numerics">Številke</variable>
   <variable id="End notes">Končne opombe</variable>
   <variable id="Artwork">Sličica</variable>
   <variable id="Syntax">Skladnja</variable>
   <variable id="Type">Vrsta</variable>
   <variable id="Value">Vrednost</variable>
   <variable id="Note">OPOMBA</variable>
   <variable id="Notes">OPOMBE</variable>
   <variable id="Notice">OBJAVA</variable>
   <variable id="Tip">NAMIG</variable>
   <variable id="Fastpath">HITRA POT</variable>
   <variable id="Important">POMEMBNO</variable>
   <variable id="Attention">POZOR</variable>
   <variable id="Caution">OPOZORILO</variable>
   <variable id="Danger">NEVARNOST</variable>
   <variable id="Remember">ZAPOMNITE SI</variable>
   <variable id="Restriction">OMEJITEV</variable>
   <variable id="Trouble">TEŽAVA</variable>
   <variable id="Warning">OBVESTILO</variable>
   <variable id="Contents">Kazalo</variable>
   <variable id="Related concepts">S tem povezani pojmi</variable>
   <variable id="Related tasks">S tem povezana opravila</variable>
   <variable id="Related reference">S tem povezane povezave</variable>
   <variable id="Related information">Več informacij</variable>
   <variable id="Prerequisite">Predpogoj</variable>
   <variable id="Prerequisites">Predpogoji</variable>
   <variable id="or">ali</variable>
   <variable id="figure-number-separator"> </variable>
   <variable id="task_context">O tej nalogi</variable>
   <variable id="task_example">Primer</variable>
   <variable id="task_postreq">Kaj je treba storiti</variable>
   <variable id="task_prereq">Predpogoji</variable>
   <variable id="task_procedure">Postopek</variable>
   <variable id="task_procedure_unordered">Postopek</variable>
   <variable id="task_results">Rezultati</variable>
   <variable id="Copyright">Avtorske pravice</variable>
   <variable id="OpenQuote">“</variable>
   <variable id="CloseQuote">”</variable>
   <variable id="ColonSymbol">:</variable>
   <variable id="a11y.and-then">in nato</variable>
   <!-- below are additional HPE variables -->
   <variable id="PartNumber">Številka dela</variable>
   <variable id="Published">Objavljeno</variable>
   <variable id="Published_format"><param ref-name="month"/> <param ref-name="year"/></variable>
   <variable id="Edition">Izdaja</variable>
   <variable id="Abstract">Izvleček</variable>
   <variable id="Subtopics">Podteme</variable>
   <variable id="troubleshooting_condition">Simptom</variable>
   <variable id="troubleshooting_troubleSolution">Rešitev <param ref-name="number"/></variable>
   <variable id="troubleshooting_cause">Vzrok</variable>
   <variable id="troubleshooting_remedy">Dejanje</variable>
</variables>
