<?xml version="1.0" encoding="UTF-8"?>
<!--
This file is part of the DITA Open Toolkit project.

Copyright 2004, 2005 IBM Corporation

See the accompanying LICENSE file for applicable license.
-->
<?xml-model href="strings.rnc" type="application/relax-ng-compact-syntax"?>
<variables>
   <variable id="Figure">Piešinys</variable>
   <variable id="Table">Lentelė</variable>
   <variable id="Next topic">Paskesnė tema</variable>
   <variable id="Previous topic">Ankstesnė tema</variable>
   <variable id="Parent topic">Pradinė tema</variable>
   <variable id="Required cleanup">Reikalingas valymas</variable>
   <variable id="Draft comment">Juodraščio komentarai</variable>
   <variable id="Option">Variantas</variable>
   <variable id="Description">Aprašas</variable>
   <variable id="Optional">Nebūtina</variable>
   <variable id="Required">Būtina</variable>
   <variable id="Skip visual syntax diagram">Praleisti vaizdinę sintaksės diagramą</variable>
   <variable id="Read syntax diagram">Skaityti sintaksės diagramą</variable>
   <variable id="Start of change">Keitimų pradžia</variable>
   <variable id="End of change">Keitimų pabaiga</variable>
   <variable id="Index">Indeksas</variable>
   <variable id="Special characters">Specialūs ženklai</variable>
   <variable id="Numerics">Skaitmenys</variable>
   <variable id="End notes">Galutinės pastabos</variable>
   <variable id="Artwork">Paveikslėliai</variable>
   <variable id="Syntax">Sintaksė</variable>
   <variable id="Type">Tipas</variable>
   <variable id="Value">Reikšmė</variable>
   <variable id="Note">Pastaba</variable>
   <variable id="Notes">Pastabos</variable>
   <variable id="Notice">PAZIŅOJUMS</variable>
   <variable id="Tip">Patarimas</variable>
   <variable id="Fastpath">Nuoroda</variable>
   <variable id="Important">Svarbi informacija</variable>
   <variable id="Attention">Dėmesio!</variable>
   <variable id="Caution">PERSPĖJIMAS</variable>
   <variable id="Danger">PAVOJINGA</variable>
   <variable id="Remember">Atminkite</variable>
   <variable id="Restriction">APRIBOJIMAS</variable>
   <variable id="Trouble">GEDIMAS</variable>
   <variable id="Warning">ĮSPĖJIMAS</variable>
   <variable id="Contents">Turinys</variable>
   <variable id="Related concepts">Susijusios sąvokos</variable>
   <variable id="Related tasks">Susijusios užduotys</variable>
   <variable id="Related reference">Susijusi nuoroda</variable>
   <variable id="Related information">Daugiau informacijos</variable>
   <variable id="Prerequisite">Nuoroda</variable>
   <variable id="Prerequisites">Nuorodos</variable>
   <variable id="or">arba</variable>
   <variable id="figure-number-separator"> </variable>
   <variable id="task_context">Apie šią užduotį</variable>
   <variable id="task_example">Pavyzdys</variable>
   <variable id="task_postreq">Ką daryti toliau</variable>
   <variable id="task_prereq">Prieš pradedant</variable>
   <variable id="task_procedure">Procedūra</variable>
   <variable id="task_procedure_unordered">Procedūra</variable>
   <variable id="task_results">Rezultatai</variable>
   <variable id="Copyright">Copyright</variable>
   <variable id="OpenQuote">„</variable>
   <variable id="CloseQuote">”</variable>
   <variable id="ColonSymbol">:</variable>
   <variable id="a11y.and-then">ir tada</variable>
   <!-- below are additional HPE variables -->
   <variable id="PartNumber">Dalies numeris</variable>
   <variable id="Published">Publikuota</variable>
   <variable id="Published_format"><param ref-name="year"/> <param ref-name="month"/></variable>
   <variable id="Edition">Laida</variable>
   <variable id="Abstract">Santrauka</variable>
   <variable id="Subtopics">Potemės</variable>
   <variable id="troubleshooting_condition">Požymis</variable>
   <variable id="troubleshooting_troubleSolution">Sprendimas <param ref-name="number"/></variable>
   <variable id="troubleshooting_cause">Priežastis</variable>
   <variable id="troubleshooting_remedy">Veiksmas</variable>
</variables>
