<?xml version="1.0" encoding="UTF-8"?>
<!--
This file is part of the DITA Open Toolkit project.

Copyright 2004, 2005 IBM Corporation

See the accompanying LICENSE file for applicable license.
-->
<?xml-model href="strings.rnc" type="application/relax-ng-compact-syntax"?>
<variables>
   <variable id="Figure">Rysunek</variable>
   <variable id="Table">Tabela</variable>
   <variable id="Next topic">Następny temat</variable>
   <variable id="Previous topic">Poprzedni temat</variable>
   <variable id="Parent topic">Temat nadrzędny</variable>
   <variable id="Required cleanup">Wymagana korekta</variable>
   <variable id="Draft comment">Komentarz roboczy</variable>
   <variable id="Option">Opcja</variable>
   <variable id="Description">Opis</variable>
   <variable id="Optional">Opcjonalne</variable>
   <variable id="Required">Wymagane</variable>
   <variable id="Skip visual syntax diagram">Pomiń diagram składni</variable>
   <variable id="Read syntax diagram">Czytaj diagram składni</variable>
   <variable id="Start of change">Początek zmiany</variable>
   <variable id="End of change">Koniec zmiany</variable>
   <variable id="Index">Indeks</variable>
   <variable id="Special characters">Znaki specjalne</variable>
   <variable id="Numerics">Symbole</variable>
   <variable id="End notes">Przypisy końcowe</variable>
   <variable id="Artwork">Ilustracja</variable>
   <variable id="Syntax">Składnia</variable>
   <variable id="Type">Typ</variable>
   <variable id="Value">Wartość</variable>
   <variable id="Note">UWAGA</variable>
   <variable id="Notes">UWAGI</variable>
   <variable id="Notice">OBWIESZCZENIE</variable>
   <variable id="Tip">WSKAZÓWKA</variable>
   <variable id="Fastpath">KRÓTKA ŚCIEŻKA</variable>
   <variable id="Important">WAŻNE</variable>
   <variable id="Attention">OSTRZEŻENIE</variable>
   <variable id="Caution">UWAGA</variable>
   <variable id="Danger">NIEBEZPIECZEŃSTWO</variable>
   <variable id="Remember">ZAPAMIĘTAJ</variable>
   <variable id="Restriction">OGRANICZENIE</variable>
   <variable id="Trouble">KŁOPOT</variable>
   <variable id="Warning">OSTRZEŻENIE</variable>
   <variable id="Contents">Spis treści</variable>
   <variable id="Related concepts">Pojęcia pokrewne</variable>
   <variable id="Related tasks">Zadania pokrewne</variable>
   <variable id="Related reference">Odsyłacze pokrewne</variable>
   <variable id="Related information">Więcej informacji</variable>
   <variable id="Prerequisite">Wymaganie wstępne</variable>
   <variable id="Prerequisites">Wymagania wstępne</variable>
   <variable id="or">or</variable>
   <variable id="figure-number-separator"> </variable>
   <variable id="task_context">O tym zadaniu</variable>
   <variable id="task_example">Przykład</variable>
   <variable id="task_postreq">Co dalej</variable>
   <variable id="task_prereq">Zanim rozpoczniesz</variable>
   <variable id="task_procedure">Procedura</variable>
   <variable id="task_procedure_unordered">Procedura</variable>
   <variable id="task_results">Wyniki</variable>
   <variable id="Copyright">Copyright</variable>
   <variable id="OpenQuote">“</variable>
   <variable id="CloseQuote">”</variable>
   <variable id="ColonSymbol">:</variable>
   <variable id="a11y.and-then">a następnie</variable>
   <!-- below are additional HPE variables -->
   <variable id="PartNumber">Oznaczenie</variable>
   <variable id="Published">Wydano</variable>
   <variable id="Published_format"><param ref-name="month"/> <param ref-name="year"/></variable>
   <variable id="Edition">Wydanie</variable>
   <variable id="Abstract">Streszczenie</variable>
   <variable id="Subtopics">Podtematy</variable>
   <variable id="troubleshooting_condition">Objaw</variable>
   <variable id="troubleshooting_troubleSolution">Rozwiązanie <param ref-name="number"/></variable>
   <variable id="troubleshooting_cause">Przyczyna</variable>
   <variable id="troubleshooting_remedy">Akcja</variable>
</variables>
