<?xml version="1.0" encoding="UTF-8"?>
<!--
This file is part of the DITA Open Toolkit project.

Copyright 2004, 2005 IBM Corporation

See the accompanying LICENSE file for applicable license.
-->
<?xml-model href="strings.rnc" type="application/relax-ng-compact-syntax"?>
<variables>
   <variable id="Figure">الشكل</variable>
   <variable id="Table">جدول</variable>
   <variable id="Next topic">الموضوع التالي</variable>
   <variable id="Previous topic">الموضوع السابق</variable>
   <variable id="Parent topic">الموضوع الأصلي</variable>
   <variable id="Required cleanup">التنظيف مطلوب</variable>
   <variable id="Draft comment">ملاحظة غير نهائية</variable>
   <variable id="Option">خيار</variable>
   <variable id="Description">توصيف</variable>
   <variable id="Optional">اختياري</variable>
   <variable id="Required">مطلوب</variable>
   <variable id="Skip visual syntax diagram">تخط الرسم البياني للصيغة المرئية</variable>
   <variable id="Read syntax diagram">قراءة الرسم البياني للصيغة المرئية</variable>
   <variable id="Start of change">بدء التغيير</variable>
   <variable id="End of change">نهاية التغيير</variable>
   <variable id="Index">الفهرس</variable>
   <variable id="Special characters">أحرف خاصة</variable>
   <variable id="Numerics">أعداد</variable>
   <variable id="End notes">ملاحظات ختامية</variable>
   <variable id="Artwork">عمل فني</variable>
   <variable id="Syntax">صيغة</variable>
   <variable id="Type">النوع</variable>
   <variable id="Value">القيمة</variable>
   <variable id="Note">ملاحظة</variable>
   <variable id="Notes">ملاحظات</variable>
   <variable id="Notice">بلاغ</variable>
   <variable id="Tip">تلميح</variable>
   <variable id="Fastpath">مسار سريع</variable>
   <variable id="Important">هام</variable>
   <variable id="Attention">تنبيه</variable>
   <variable id="Caution">تحذير</variable>
   <variable id="Danger">خطر</variable>
   <variable id="Remember">تذكّرْ</variable>
   <variable id="Restriction">تقييد</variable>
   <variable id="Trouble">مشكلة</variable>
   <variable id="Warning">تحذير</variable>
   <variable id="Contents">المحتويات</variable>
   <variable id="Related concepts">المفاهيم المتعلقة</variable>
   <variable id="Related tasks">المهام المتعلقة</variable>
   <variable id="Related reference">المرجع المتعلق</variable>
   <variable id="Related information">معلومات إضافية</variable>
   <variable id="Prerequisite">متطلب رئيسي</variable>
   <variable id="Prerequisites">متطلبات رئيسية</variable>
   <variable id="or">أو</variable>
   <variable id="figure-number-separator"> </variable>
   <variable id="task_context">عن هذه المهمة</variable>
   <variable id="task_example">مثال</variable>
   <variable id="task_postreq">ماذا تفعله لاحقًا</variable>
   <variable id="task_prereq">المتطلبات المسبقة</variable>
   <variable id="task_procedure">الإجراء</variable>
   <variable id="task_procedure_unordered">الإجراء</variable>
   <variable id="task_results">النتائج</variable>
   <variable id="Copyright">حقوق الطبع والنشر محفوظة</variable>
   <variable id="OpenQuote">“</variable>
   <variable id="CloseQuote">”</variable>
   <variable id="ColonSymbol">:</variable>
   <variable id="a11y.and-then">ثم</variable>
   <!-- below are additional HPE variables -->
   <variable id="PartNumber">رقم القطعة</variable>
   <variable id="Published">تم النشر</variable>
   <variable id="Published_format"><param ref-name="month"/><param ref-name="year"/></variable>
   <variable id="Edition">النسخة</variable>
   <variable id="Abstract">نبذة</variable>
   <variable id="Subtopics">المواضيع الفرعية</variable>
   <variable id="troubleshooting_condition">عرض</variable>
   <variable id="troubleshooting_troubleSolution">الحل <param ref-name="number"/></variable>
   <variable id="troubleshooting_cause">السبب</variable>
   <variable id="troubleshooting_remedy">الإجراء</variable>
</variables>
