<?xml version="1.0" encoding="UTF-8"?>
<!--
This file is part of the DITA Open Toolkit project.

Copyright 2004, 2005 IBM Corporation

See the accompanying LICENSE file for applicable license.
-->
<?xml-model href="strings.rnc" type="application/relax-ng-compact-syntax"?>
<variables>
   <variable id="Figure">Ábra</variable>
   <variable id="Table">Táblázat</variable>
   <variable id="Next topic">Következő téma</variable>
   <variable id="Previous topic">Előző téma</variable>
   <variable id="Parent topic">Szülőtéma</variable>
   <variable id="Required cleanup">Tisztázandó</variable>
   <variable id="Draft comment">Szerkesztői megjegyzés</variable>
   <variable id="Option">Beállítás</variable>
   <variable id="Description">Leírás</variable>
   <variable id="Optional">Választható</variable>
   <variable id="Required">Kötelező</variable>
   <variable id="Skip visual syntax diagram">Szerkezeti ábra kihagyása</variable>
   <variable id="Read syntax diagram">Szerkezeti ábra felolvasása</variable>
   <variable id="Start of change">Módosítás kezdete</variable>
   <variable id="End of change">Módosítás vége</variable>
   <variable id="Index">Tárgymutató</variable>
   <variable id="Special characters">Különleges jelek</variable>
   <variable id="Numerics">Számok</variable>
   <variable id="End notes">Végjegyzetek</variable>
   <variable id="Artwork">Illusztráció</variable>
   <variable id="Syntax">Szintaxis</variable>
   <variable id="Type">Típus</variable>
   <variable id="Value">Érték</variable>
   <variable id="Note">MEGJEGYZÉS</variable>
   <variable id="Notes">MEGJEGYZÉSEK</variable>
   <variable id="Notice">ÉRTESÍTÉS</variable>
   <variable id="Tip">TIPP</variable>
   <variable id="Fastpath">KÖZVETLEN ALMENÜRE LÉPÉS</variable>
   <variable id="Important">FONTOS</variable>
   <variable id="Attention">FIGYELEM</variable>
   <variable id="Caution">FIGYELMEZTETÉS</variable>
   <variable id="Danger">VESZÉLY!</variable>
   <variable id="Remember">NE FELEDJE</variable>
   <variable id="Restriction">KORLÁTOZÁS</variable>
   <variable id="Trouble">BAJ</variable>
   <variable id="Warning">FIGYELMEZTETÉS</variable>
   <variable id="Contents">Tartalom</variable>
   <variable id="Related concepts">Kapcsolódó fogalmak</variable>
   <variable id="Related tasks">Kapcsolódó feladatok</variable>
   <variable id="Related reference">Kapcsolódó hivatkozás</variable>
   <variable id="Related information">Több információ</variable>
   <variable id="Prerequisite">Előfeltétel</variable>
   <variable id="Prerequisites">Előfeltételek</variable>
   <variable id="or">vagy</variable>
   <variable id="figure-number-separator">. </variable>
   <variable id="task_context">Erről a feladatról</variable>
   <variable id="task_example">Példa</variable>
   <variable id="task_postreq">Mi a következő lépés?</variable>
   <variable id="task_prereq">Mielőtt elkezdené</variable>
   <variable id="task_procedure">Eljárás</variable>
   <variable id="task_procedure_unordered">Eljárás</variable>
   <variable id="task_results">Eredmények</variable>
   <variable id="Copyright">Copyright</variable>
   <variable id="OpenQuote">“</variable>
   <variable id="CloseQuote">”</variable>
   <variable id="ColonSymbol">:</variable>
   <variable id="a11y.and-then">majd</variable>
   <!-- below are additional HPE variables -->
   <variable id="PartNumber">Alkatrészszám</variable>
   <variable id="Published">Közzétéve</variable>
   <variable id="Published_format"><param ref-name="year"/>.<param ref-name="month_lc"/></variable>
   <variable id="Edition">Kiadás</variable>
   <variable id="Abstract">Kivonat</variable>
   <variable id="Subtopics">Altémái</variable>
   <variable id="troubleshooting_condition">Tünet</variable>
   <variable id="troubleshooting_troubleSolution">Megoldás <param ref-name="number"/></variable>
   <variable id="troubleshooting_cause">Ok</variable>
   <variable id="troubleshooting_remedy">Akció</variable>
</variables>
