<?xml version="1.0" encoding="UTF-8"?>
<!--
This file is part of the DITA Open Toolkit project.

Copyright 2004, 2005 IBM Corporation

See the accompanying LICENSE file for applicable license.
-->
<?xml-model href="strings.rnc" type="application/relax-ng-compact-syntax"?>
<variables>
   <variable id="Figure">Abbildung</variable>
   <variable id="Table">Tabelle</variable>
   <variable id="Next topic">Nächstes Thema</variable>
   <variable id="Previous topic">Vorheriges Thema</variable>
   <variable id="Parent topic">Übergeordnetes Thema</variable>
   <variable id="Required cleanup">Erforderliche Korrektur</variable>
   <variable id="Draft comment">Kommentar</variable>
   <variable id="Option">Option</variable>
   <variable id="Description">Bezeichnung</variable>
   <variable id="Optional">Optional</variable>
   <variable id="Required">Erforderlich</variable>
   <variable id="Skip visual syntax diagram">Syntaxdiagramm überspringen</variable>
   <variable id="Read syntax diagram">Syntaxdiagramm lesen</variable>
   <variable id="Start of change">Beginn der Änderung</variable>
   <variable id="End of change">Ende der Änderung</variable>
   <variable id="Index">Stichwortverzeichnis</variable>
   <variable id="Special characters">Sonderzeichen</variable>
   <variable id="Numerics">Numerische Stichwörter</variable>
   <variable id="End notes">Endnoten</variable>
   <variable id="Artwork">Bildmaterial</variable>
   <variable id="Syntax">Syntax</variable>
   <variable id="Type">Typ</variable>
   <variable id="Value">Wert</variable>
   <variable id="Note">HINWEIS</variable>
   <variable id="Notes">HINWEISE</variable>
   <variable id="Notice">HINWEIS</variable>
   <variable id="Tip">TIPP</variable>
   <variable id="Fastpath">DIREKTAUFRUF</variable>
   <variable id="Important">WICHTIG</variable>
   <variable id="Attention">ACHTUNG</variable>
   <variable id="Caution">ACHTUNG</variable>
   <variable id="Danger">VORSICHT</variable>
   <variable id="Remember">HINWEIS</variable>
   <variable id="Restriction">EINSCHRÄNKUNG</variable>
   <variable id="Trouble">ÄRGER</variable>
   <variable id="Warning">WARNUNG</variable>
   <variable id="Contents">Inhalt</variable>
   <variable id="Related concepts">Zugehörige Konzepte</variable>
   <variable id="Related tasks">Zugehörige Tasks</variable>
   <variable id="Related reference">Zugehörige Verweise</variable>
   <variable id="Related information">Mehr Informationen</variable>
   <variable id="Prerequisite">Voraussetzung</variable>
   <variable id="Prerequisites">Voraussetzungen</variable>
   <variable id="or">oder</variable>
   <variable id="figure-number-separator"> </variable>
   <variable id="task_context">Warum und wann dieser Vorgang ausgeführt wird</variable>
   <variable id="task_example">Beispiel</variable>
   <variable id="task_postreq">Nächste Maßnahme</variable>
   <variable id="task_prereq">Vorbereitungen</variable>
   <variable id="task_procedure">Prozedur</variable>
   <variable id="task_procedure_unordered">Prozedur</variable>
   <variable id="task_results">Ergebnisse</variable>
   <variable id="Copyright">Copyright</variable>
   <variable id="OpenQuote">„</variable>
   <variable id="CloseQuote">“</variable>
   <variable id="ColonSymbol">:</variable>
   <variable id="a11y.and-then">und dann</variable>
   <!-- below are additional HPE variables -->
   <variable id="PartNumber">Teilenummer</variable>
   <variable id="Published">Herausgegeben</variable>
   <variable id="Published_format"><param ref-name="month"/> <param ref-name="year"/></variable>
   <variable id="Edition">Ausgabe</variable>
   <variable id="Abstract">Zusammenfassung</variable>
   <variable id="Subtopics">Unterthemen</variable>
   <variable id="troubleshooting_condition">Symptom</variable>
   <variable id="troubleshooting_troubleSolution">Lösung <param ref-name="number"/></variable>
   <variable id="troubleshooting_cause">Ursache</variable>
   <variable id="troubleshooting_remedy">Aktion</variable>
</variables>
