<?xml version="1.0" encoding="UTF-8"?>
<!--
This file is part of the DITA Open Toolkit project.

Copyright 2004, 2005 IBM Corporation

See the accompanying LICENSE file for applicable license.
-->
<?xml-model href="strings.rnc" type="application/relax-ng-compact-syntax"?>
<variables>
   <variable id="Figure">Obrázek</variable>
   <variable id="Table">Tabulka</variable>
   <variable id="Next topic">Následující téma</variable>
   <variable id="Previous topic">Předchozí téma</variable>
   <variable id="Parent topic">Nadřazené téma</variable>
   <variable id="Required cleanup">Nutno opravit</variable>
   <variable id="Draft comment">Poznámka nanečisto</variable>
   <variable id="Option">Volba</variable>
   <variable id="Description">Popis</variable>
   <variable id="Optional">Volitelné</variable>
   <variable id="Required">Požadované</variable>
   <variable id="Skip visual syntax diagram">Vynechat zobrazení syntaktického diagramu</variable>
   <variable id="Read syntax diagram">Číst syntaktický diagram</variable>
   <variable id="Start of change">Začátek změn</variable>
   <variable id="End of change">Konec změn</variable>
   <variable id="Index">Rejstřík</variable>
   <variable id="Special characters">Speciální znaky</variable>
   <variable id="Numerics">Čísla</variable>
   <variable id="End notes">Vysvětlivky</variable>
   <variable id="Artwork">Ilustrace</variable>
   <variable id="Syntax">Syntaxe</variable>
   <variable id="Type">Typ</variable>
   <variable id="Value">Hodnota</variable>
   <variable id="Note">POZNÁMKA</variable>
   <variable id="Notes">POZNÁMKY</variable>
   <variable id="Notice">OZNÁMENÍ</variable>
   <variable id="Tip">TIP</variable>
   <variable id="Fastpath">RYCHLÁ CESTA</variable>
   <variable id="Important">DŮLEŽITÉ</variable>
   <variable id="Attention">UPOZORNĚNÍ</variable>
   <variable id="Caution">POZOR</variable>
   <variable id="Danger">NEBEZPEČÍ</variable>
   <variable id="Remember">ZAPAMATUJTE SI</variable>
   <variable id="Restriction">OMEZENÍ</variable>
   <variable id="Trouble">PROBLÉMY</variable>
   <variable id="Warning">UPOZORNĚNÍ</variable>
   <variable id="Contents">Obsah</variable>
   <variable id="Related concepts">Související pojmy</variable>
   <variable id="Related tasks">Související úlohy</variable>
   <variable id="Related reference">Související odkazy</variable>
   <variable id="Related information">Více informací</variable>
   <variable id="Prerequisite">Předpoklad</variable>
   <variable id="Prerequisites">Předpoklady</variable>
   <variable id="or">or</variable>
   <variable id="figure-number-separator"> </variable>
   <variable id="task_context">Informace o této úloze</variable>
   <variable id="task_example">Příklad</variable>
   <variable id="task_postreq">Jak pokračovat dále</variable>
   <variable id="task_prereq">Než začnete</variable>
   <variable id="task_procedure">Procedura</variable>
   <variable id="task_procedure_unordered">Procedura</variable>
   <variable id="task_results">Výsledky</variable>
   <variable id="Copyright">Autorské právo</variable>
   <variable id="OpenQuote">“</variable>
   <variable id="CloseQuote">”</variable>
   <variable id="ColonSymbol">:</variable>
   <variable id="a11y.and-then">a poté</variable>
   <!-- below are additional HPE variables -->
   <variable id="PartNumber">Číslo dílu</variable>
   <variable id="Published">Vydáno</variable>
   <variable id="Published_format"><param ref-name="month"/> <param ref-name="year"/></variable>
   <variable id="Edition">Vydání</variable>
   <variable id="Abstract">Souhrn</variable>
   <variable id="Subtopics">Podtémata</variable>
   <variable id="troubleshooting_condition">Příznak</variable>
   <variable id="troubleshooting_troubleSolution">Řešení <param ref-name="number"/></variable>
   <variable id="troubleshooting_cause">Způsobit</variable>
   <variable id="troubleshooting_remedy">činnost</variable>
</variables>
