<?xml version="1.0" encoding="UTF-8"?>
<!--
This file is part of the DITA Open Toolkit project.

Copyright 2004, 2005 IBM Corporation

See the accompanying LICENSE file for applicable license.
-->
<?xml-model href="strings.rnc" type="application/relax-ng-compact-syntax"?>
<variables>
   <variable id="Figure">Сурет</variable>
   <variable id="Table">Кесте</variable>
   <variable id="Next topic">Келесі бөлім</variable>
   <variable id="Previous topic">Бұдан бұрынғы бөлім</variable>
   <variable id="Parent topic">Негізгі бөлім</variable>
   <variable id="Required cleanup">Қажет тазалау</variable>
   <variable id="Draft comment">Жоба түсініктеме</variable>
   <variable id="Option">Параметр</variable>
   <variable id="Description">Сипаттама</variable>
   <variable id="Optional">Қосымша</variable>
   <variable id="Required">Қажет</variable>
   <variable id="Skip visual syntax diagram">Визуалдық синтаксистік диаграмманы өткізіп жіберу</variable>
   <variable id="Read syntax diagram">Синтаксистік диаграмманы оқу</variable>
   <variable id="Start of change">Өзгертуді бастау</variable>
   <variable id="End of change">Өзгертуді аяқтау</variable>
   <variable id="Index">Индекс</variable>
   <variable id="Special characters">Арнайы таңбалар</variable>
   <variable id="Numerics">Сандар</variable>
   <variable id="End notes">Қорытынды ескертулер</variable>
   <variable id="Artwork">Графика</variable>
   <variable id="Syntax">Синтаксис</variable>
   <variable id="Type">Түр</variable>
   <variable id="Value">Мән</variable>
   <variable id="Note">ЕСКЕРТУ</variable>
   <variable id="Notes">ЕСКЕРТУЛЕР</variable>
   <variable id="Notice">ХАБАРЛАМА</variable>
   <variable id="Tip">КЕҢЕС</variable>
   <variable id="Fastpath">ЖЫЛДАМ ЖОЛ</variable>
   <variable id="Important">МАҢЫЗДЫ</variable>
   <variable id="Attention">НАЗАР АУДАРЫҢЫЗ</variable>
   <variable id="Caution">АБАЙЛАҢЫЗ</variable>
   <variable id="Danger">ҚАУІП</variable>
   <variable id="Remember">ЕСТЕ САҚТАҢЫЗ</variable>
   <variable id="Restriction">ШЕКТЕУ</variable>
   <variable id="Trouble">ҚИЫНШЫЛЫҚ</variable>
   <variable id="Warning">Ескерту</variable>
   <variable id="Contents">Мазмұны</variable>
   <variable id="Related concepts">Өзара байланысты түсініктер</variable>
   <variable id="Related tasks">Өзара байланысты тапсырмалар</variable>
   <variable id="Related reference">Өзара байланысты сілтеме</variable>
   <variable id="Related information">Көбірек ақпарат</variable>
   <variable id="Prerequisite">Бастапқы шарт</variable>
   <variable id="Prerequisites">Бастапқы шарттар</variable>
   <variable id="or">немесе</variable>
   <variable id="figure-number-separator"> </variable>
   <variable id="task_context">Осы тапсырма туралы</variable>
   <variable id="task_example">Мысал</variable>
   <variable id="task_postreq">Келесі әрекет</variable>
   <variable id="task_prereq">Бастаудан бұрын</variable>
   <variable id="task_procedure">Процедура</variable>
   <variable id="task_procedure_unordered">Процедура</variable>
   <variable id="task_results">Нәтижелер</variable>
   <variable id="Copyright">Copyright</variable>
   <variable id="OpenQuote">«</variable>
   <variable id="CloseQuote">»</variable>
   <variable id="ColonSymbol">:</variable>
   <variable id="a11y.and-then">содан кейін</variable>
   <!-- below are additional HPE variables -->
   <variable id="PartNumber">Бөлшек нөмірі</variable>
   <variable id="Published">Шығарылды</variable>
   <variable id="Published_format"><param ref-name="month"/>, <param ref-name="year"/> ж.</variable>
   <variable id="Edition">Шығарылым</variable>
   <variable id="Abstract">Мәлімет</variable>
   <variable id="Subtopics">Ішкі тақырыптар</variable>
   <variable id="troubleshooting_condition">белгі</variable>
   <variable id="troubleshooting_troubleSolution">шешім <param ref-name="number"/></variable>
   <variable id="troubleshooting_cause">себеп</variable>
   <variable id="troubleshooting_remedy">ірекет</variable>
</variables>
