<?xml version="1.0" encoding="UTF-8"?>
<!--
This file is part of the DITA Open Toolkit project.

Copyright 2004, 2005 IBM Corporation

See the accompanying LICENSE file for applicable license.
-->
<?xml-model href="strings.rnc" type="application/relax-ng-compact-syntax"?>
<variables>
   <variable id="Figure">Figur</variable>
   <variable id="Table">Tabel</variable>
   <variable id="Next topic">Næste emne</variable>
   <variable id="Previous topic">Forrige emne</variable>
   <variable id="Parent topic">Overordnet emne</variable>
   <variable id="Required cleanup">Påkrævet oprydning</variable>
   <variable id="Draft comment">Kommentar til kladde</variable>
   <variable id="Option">Valg</variable>
   <variable id="Description">Beskrivelse</variable>
   <variable id="Optional">Valgfrit</variable>
   <variable id="Required">Påkrævet</variable>
   <variable id="Skip visual syntax diagram">Spring over visuel syntaksdiagram</variable>
   <variable id="Read syntax diagram">Læs syntaksdiagram</variable>
   <variable id="Start of change">Start på ændringer</variable>
   <variable id="End of change">Slut på ændringer</variable>
   <variable id="Index">Stikordsregister</variable>
   <variable id="Special characters">Specialtegn</variable>
   <variable id="Numerics">Numerisk</variable>
   <variable id="End notes">Slutbemærkninger</variable>
   <variable id="Artwork">Illustrationer</variable>
   <variable id="Syntax">Syntaks</variable>
   <variable id="Type">Type</variable>
   <variable id="Value">Værdi</variable>
   <variable id="Note">BEMÆRK</variable>
   <variable id="Notes">BEMÆRKNINGER</variable>
   <variable id="Notice">VARSEL</variable>
   <variable id="Tip">TIP</variable>
   <variable id="Fastpath">GENVEJ</variable>
   <variable id="Important">VIGTIGT</variable>
   <variable id="Attention">ADVARSEL</variable>
   <variable id="Caution">PAS PÅ</variable>
   <variable id="Danger">FARE!</variable>
   <variable id="Remember">HUSK</variable>
   <variable id="Restriction">BEGRÆNSNING</variable>
   <variable id="Trouble">PROBLEMER</variable>
   <variable id="Warning">ADVARSEL</variable>
   <variable id="Contents">Indholdsfortegnelse</variable>
   <variable id="Related concepts">Beslægtede begreber</variable>
   <variable id="Related tasks">Beslægtede opgaver</variable>
   <variable id="Related reference">Beslægtet reference</variable>
   <variable id="Related information">Mere information</variable>
   <variable id="Prerequisite">Forudsætning</variable>
   <variable id="Prerequisites">Forudsætninger</variable>
   <variable id="or">eller</variable>
   <variable id="figure-number-separator"> </variable>
   <variable id="task_context">Om denne opgave</variable>
   <variable id="task_example">Eksempel</variable>
   <variable id="task_postreq">Næste trin</variable>
   <variable id="task_prereq">Inden du begynder</variable>
   <variable id="task_procedure">Fremgangsmåde</variable>
   <variable id="task_procedure_unordered">Fremgangsmåde</variable>
   <variable id="task_results">Resultater</variable>
   <variable id="Copyright">Copyright</variable>
   <variable id="OpenQuote">“</variable>
   <variable id="CloseQuote">”</variable>
   <variable id="ColonSymbol">:</variable>
   <variable id="a11y.and-then">og derefter</variable>
   <!-- below are additional HPE variables -->
   <variable id="PartNumber">Varenummer</variable>
   <variable id="Published">Udgivet</variable>
   <variable id="Published_format"><param ref-name="month"/> <param ref-name="year"/></variable>
   <variable id="Edition">Udgave</variable>
   <variable id="Abstract">Resumé</variable>
   <variable id="Subtopics">Underemner</variable>
   <variable id="troubleshooting_condition">Symptom</variable>
   <variable id="troubleshooting_troubleSolution">Løsning <param ref-name="number"/></variable>
   <variable id="troubleshooting_cause">Årsag</variable>
   <variable id="troubleshooting_remedy">Handling</variable>
</variables>
