<?xml version="1.0" encoding="UTF-8"?>
<!--
This file is part of the DITA Open Toolkit project.

Copyright 2004, 2005 IBM Corporation

See the accompanying LICENSE file for applicable license.
-->
<?xml-model href="strings.rnc" type="application/relax-ng-compact-syntax"?>
<variables>
   <variable id="Figure">Figur</variable>
   <variable id="Table">Tabell</variable>
   <variable id="Next topic">Neste emne</variable>
   <variable id="Previous topic">Forrige emne</variable>
   <variable id="Parent topic">Overordnet emne</variable>
   <variable id="Required cleanup">Opprydning nødvendig</variable>
   <variable id="Draft comment">Kommentar om utkast</variable>
   <variable id="Option">Alternativ</variable>
   <variable id="Description">Beskrivelse</variable>
   <variable id="Optional">Valgfritt</variable>
   <variable id="Required">Nødvendig</variable>
   <variable id="Skip visual syntax diagram">Hopp over syntaksdiagram</variable>
   <variable id="Read syntax diagram">Les syntaksdiagram</variable>
   <variable id="Start of change">Start på endring</variable>
   <variable id="End of change">Slutt på endring</variable>
   <variable id="Index">Stikkordregister</variable>
   <variable id="Special characters">Spesialtegn</variable>
   <variable id="Numerics">Numerisk</variable>
   <variable id="End notes">Sluttnoter</variable>
   <variable id="Artwork">Grafikk</variable>
   <variable id="Syntax">Syntaks</variable>
   <variable id="Type">Type</variable>
   <variable id="Value">Verdi</variable>
   <variable id="Note">MERK</variable>
   <variable id="Notes">MERKNADER</variable>
   <variable id="Notice">NOTIS</variable>
   <variable id="Tip">TIPS</variable>
   <variable id="Fastpath">SNARVEI</variable>
   <variable id="Important">VIKTIG</variable>
   <variable id="Attention">ADVARSEL</variable>
   <variable id="Caution">ADVARSEL</variable>
   <variable id="Danger">FARE!</variable>
   <variable id="Remember">HUSK</variable>
   <variable id="Restriction">BEGRENSNING</variable>
   <variable id="Trouble">PROBLEMER</variable>
   <variable id="Warning">ADVARSEL</variable>
   <variable id="Contents">Innhold</variable>
   <variable id="Related concepts">Beslektede begreper</variable>
   <variable id="Related tasks">Beslektede oppgaver</variable>
   <variable id="Related reference">Beslektet referanse</variable>
   <variable id="Related information">Mer informasjon</variable>
   <variable id="Prerequisite">Krav</variable>
   <variable id="Prerequisites">Krav</variable>
   <variable id="or">or</variable>
   <variable id="figure-number-separator"> </variable>
   <variable id="task_context">Om denne oppgaven</variable>
   <variable id="task_example">Eksempel</variable>
   <variable id="task_postreq">Neste oppgave</variable>
   <variable id="task_prereq">Før du begynner</variable>
   <variable id="task_procedure">Prosedyre</variable>
   <variable id="task_procedure_unordered">Prosedyre</variable>
   <variable id="task_results">Resultater</variable>
   <variable id="Copyright">Copyright</variable>
   <variable id="OpenQuote">“</variable>
   <variable id="CloseQuote">”</variable>
   <variable id="ColonSymbol">:</variable>
   <variable id="a11y.and-then">og deretter</variable>
   <!-- below are additional HPE variables -->
   <variable id="PartNumber">Delenummer</variable>
   <variable id="Published">Publisert</variable>
   <variable id="Published_format"><param ref-name="month"/> <param ref-name="year"/></variable>
   <variable id="Edition">Utgave</variable>
   <variable id="Abstract">Sammendrag</variable>
   <variable id="Subtopics">Underemner</variable>
   <variable id="troubleshooting_condition">Symptom</variable>
   <variable id="troubleshooting_troubleSolution">Løsning <param ref-name="number"/></variable>
   <variable id="troubleshooting_cause">Årsaken</variable>
   <variable id="troubleshooting_remedy">Handling</variable>
</variables>
