<?xml version="1.0" encoding="UTF-8"?>
<!--
This file is part of the DITA Open Toolkit project.

Copyright 2004, 2005 IBM Corporation

See the accompanying LICENSE file for applicable license.
-->
<?xml-model href="strings.rnc" type="application/relax-ng-compact-syntax"?>
<variables>
   <variable id="Figure">Рисунок</variable>
   <variable id="Table">Таблиця</variable>
   <variable id="Next topic">Наступна тема</variable>
   <variable id="Previous topic">Попередня тема</variable>
   <variable id="Parent topic">На рівень догори</variable>
   <variable id="Required cleanup">Необхідна чистка</variable>
   <variable id="Draft comment">Зауваження у чорновому варіанті</variable>
   <variable id="Option">Опція</variable>
   <variable id="Description">Опис</variable>
   <variable id="Optional">За бажанням</variable>
   <variable id="Required">Обов'язково</variable>
   <variable id="Skip visual syntax diagram">Пропустити візуальну синтаксичну діаграму</variable>
   <variable id="Read syntax diagram">Прочитати синтаксичну діаграму</variable>
   <variable id="Start of change">Початок зміни</variable>
   <variable id="End of change">Кінець зміни</variable>
   <variable id="Index">Покажчик</variable>
   <variable id="Special characters">Спеціальні символи</variable>
   <variable id="Numerics">Числа</variable>
   <variable id="End notes">Кінцеві примітки</variable>
   <variable id="Artwork">Оформлення</variable>
   <variable id="Syntax">Синтаксис</variable>
   <variable id="Type">Тип</variable>
   <variable id="Value">Значення</variable>
   <variable id="Note">ПРИМІТКА</variable>
   <variable id="Notes">ПРИМІТКИ</variable>
   <variable id="Notice">СПОВІЩЕННЯ</variable>
   <variable id="Tip">ПОРАДА</variable>
   <variable id="Fastpath">КОРОТКИЙ ШЛЯХ</variable>
   <variable id="Important">ВАЖЛИВО</variable>
   <variable id="Attention">УВАГА</variable>
   <variable id="Caution">ОБЕРЕЖНО</variable>
   <variable id="Danger">НЕБЕЗПЕЧНО</variable>
   <variable id="Remember">ЗАПАМ'ЯТАЙТЕ</variable>
   <variable id="Restriction">ОБМЕЖЕННЯ</variable>
   <variable id="Trouble">ЗАБУРЕННЯ</variable>
   <variable id="Warning">ПОПЕРЕДЖЕННЯ</variable>
   <variable id="Contents">Зміст</variable>
   <variable id="Related concepts">Споріднені ідеї</variable>
   <variable id="Related tasks">Пов'язані задачі</variable>
   <variable id="Related reference">Відповідні посилання</variable>
   <variable id="Related information">Більше інформації</variable>
   <variable id="Prerequisite">Необхідна вимога</variable>
   <variable id="Prerequisites">Необхідні вимоги</variable>
   <variable id="or">або</variable>
   <variable id="figure-number-separator"> </variable>
   <variable id="task_context">Інформація про завдання</variable>
   <variable id="task_example">Приклад</variable>
   <variable id="task_postreq">Подальші дії</variable>
   <variable id="task_prereq">Підготовчі дії</variable>
   <variable id="task_procedure">Процедура</variable>
   <variable id="task_procedure_unordered">Процедура</variable>
   <variable id="task_results">Результати</variable>
   <variable id="Copyright">Copyright</variable>
   <variable id="OpenQuote">«</variable>
   <variable id="CloseQuote">»</variable>
   <variable id="ColonSymbol">:</variable>
   <variable id="a11y.and-then">а потім</variable>
   <!-- below are additional HPE variables -->
   <variable id="PartNumber">Номер виробу</variable>
   <variable id="Published">Опубліковано</variable>
   <variable id="Published_format"><param ref-name="month_lc"/> <param ref-name="year"/> р.</variable>
   <variable id="Edition">Видання</variable>
   <variable id="Abstract">Резюме</variable>
   <variable id="Subtopics">Підтеми</variable>
   <variable id="troubleshooting_condition">симптом</variable>
   <variable id="troubleshooting_troubleSolution">рішення <param ref-name="number"/></variable>
   <variable id="troubleshooting_cause">підстава</variable>
   <variable id="troubleshooting_remedy">дію</variable>
</variables>
