<?xml version="1.0" encoding="UTF-8"?>
<!--
This file is part of the DITA Open Toolkit project.

Copyright 2004, 2005 IBM Corporation

See the accompanying LICENSE file for applicable license.
-->
<?xml-model href="strings.rnc" type="application/relax-ng-compact-syntax"?>
<variables>
   <variable id="Figure">그림</variable>
   <variable id="Table">표</variable>
   <variable id="Next topic">다음 주제</variable>
   <variable id="Previous topic">이전 주제</variable>
   <variable id="Parent topic">상위 주제</variable>
   <variable id="Required cleanup">수정 필요</variable>
   <variable id="Draft comment">드래프트 설명</variable>
   <variable id="Option">옵션</variable>
   <variable id="Description">설명</variable>
   <variable id="Optional">선택</variable>
   <variable id="Required">필수</variable>
   <variable id="Skip visual syntax diagram">시각적 구문 도표 생략</variable>
   <variable id="Read syntax diagram">구문 도표 읽기</variable>
   <variable id="Start of change">변경 시작</variable>
   <variable id="End of change">변경 끝</variable>
   <variable id="Index">색인</variable>
   <variable id="Special characters">특수 문자</variable>
   <variable id="Numerics">숫자</variable>
   <variable id="End notes">미주</variable>
   <variable id="Artwork">그림</variable>
   <variable id="Syntax">구문</variable>
   <variable id="Type">유형</variable>
   <variable id="Value">값</variable>
   <variable id="Note">참고</variable>
   <variable id="Notes">참고</variable>
   <variable id="Notice">통지</variable>
   <variable id="Tip">팁</variable>
   <variable id="Fastpath">빠른경로</variable>
   <variable id="Important">중요</variable>
   <variable id="Attention">주의</variable>
   <variable id="Caution">주의</variable>
   <variable id="Danger">위험</variable>
   <variable id="Remember">알아두기</variable>
   <variable id="Restriction">제한사항</variable>
   <variable id="Trouble">불편</variable>
   <variable id="Warning">경고</variable>
   <variable id="Contents">목차</variable>
   <variable id="Related concepts">관련 개념</variable>
   <variable id="Related tasks">관련 태스크</variable>
   <variable id="Related reference">관련 참조</variable>
   <variable id="Related information">추가 정보</variable>
   <variable id="Prerequisite">선행 정보</variable>
   <variable id="Prerequisites">선행 정보</variable>
   <variable id="or">또는</variable>
   <variable id="figure-number-separator"> </variable>
   <variable id="task_context">작업 정보</variable>
   <variable id="task_example">예</variable>
   <variable id="task_postreq">다음에 수행할 작업</variable>
   <variable id="task_prereq">시작하기 전에</variable>
   <variable id="task_procedure">절차</variable>
   <variable id="task_procedure_unordered">절차</variable>
   <variable id="task_results">결과</variable>
   <variable id="Copyright">Copyright</variable>
   <variable id="OpenQuote">“</variable>
   <variable id="CloseQuote">”</variable>
   <variable id="ColonSymbol">:</variable>
   <variable id="a11y.and-then">그리고</variable>
   <!-- below are additional HPE variables -->
   <variable id="PartNumber">제품 번호</variable>
   <variable id="Published">발행</variable>
   <variable id="Published_format"><param ref-name="year"/>년 <param ref-name="month"/></variable>
   <variable id="Edition">판</variable>
   <variable id="Abstract">요약</variable>
   <variable id="Subtopics">하위 주제</variable>
   <variable id="troubleshooting_condition">징후</variable>
   <variable id="troubleshooting_troubleSolution">해결 <param ref-name="number"/></variable>
   <variable id="troubleshooting_cause">원인</variable>
   <variable id="troubleshooting_remedy">동작</variable>
</variables>
