<?xml version="1.0" encoding="UTF-8"?>
<!--
This file is part of the DITA Open Toolkit project.

Copyright 2004, 2005 IBM Corporation

See the accompanying LICENSE file for applicable license.
-->
<?xml-model href="strings.rnc" type="application/relax-ng-compact-syntax"?>
<variables>
   <variable id="Figure">Figure</variable>
   <variable id="Table">Table</variable>
   <variable id="Next topic">Next topic</variable>
   <variable id="Previous topic">Previous topic</variable>
   <variable id="Parent topic">Parent topic</variable>
   <variable id="Required cleanup">Required cleanup</variable>
   <variable id="Draft comment">Draft comment</variable>
   <variable id="Option">Option</variable>
   <variable id="Description">Description</variable>
   <variable id="Optional">Optional</variable>
   <variable id="Required">Required</variable>
   <variable id="Skip visual syntax diagram">Skip visual syntax diagram</variable>
   <variable id="Read syntax diagram">Read syntax diagram</variable>
   <variable id="Start of change">Start of change</variable>
   <variable id="End of change">End of change</variable>
   <variable id="Index">Index</variable>
   <variable id="Special characters">Special characters</variable>
   <variable id="Numerics">Numerics</variable>
   <variable id="End notes">End notes</variable>
   <variable id="Artwork">Artwork</variable>
   <variable id="Syntax">Syntax</variable>
   <variable id="Type">Type</variable>
   <variable id="Value">Value</variable>
   <variable id="Note">NOTE</variable>
   <variable id="Notes">NOTES</variable>
   <variable id="Notice">NOTICE</variable>
   <variable id="Tip">TIP</variable>
   <variable id="Fastpath">FASTPATH</variable>
   <variable id="Important">IMPORTANT</variable>
   <variable id="Attention">ATTENTION</variable>
   <variable id="Caution">CAUTION</variable>
   <variable id="Danger">DANGER</variable>
   <variable id="Remember">REMEMBER</variable>
   <variable id="Restriction">RESTRICTION</variable>
   <variable id="Trouble">TROUBLE</variable>
   <variable id="Warning">WARNING</variable>
   <variable id="Contents">Contents</variable>
   <variable id="Related concepts">Related concepts</variable>
   <variable id="Related tasks">Related tasks</variable>
   <variable id="Related reference">Related reference</variable>
   <variable id="Related information">More information</variable>
   <variable id="Prerequisite">Prerequisite</variable>
   <variable id="Prerequisites">Prerequisites</variable>
   <variable id="or">or</variable>
   <variable id="figure-number-separator"> </variable>
   <variable id="task_context">About this task</variable>
   <variable id="task_example">Example</variable>
   <variable id="task_postreq">What to do next</variable>
   <variable id="task_prereq">Prerequisites</variable>
   <variable id="task_procedure">Procedure</variable>
   <variable id="task_procedure_unordered">Procedure</variable>
   <variable id="task_results">Results</variable>
   <variable id="Copyright">Copyright</variable>
   <variable id="OpenQuote">“</variable>
   <variable id="CloseQuote">”</variable>
   <variable id="ColonSymbol">:</variable>
   <variable id="a11y.and-then">and then</variable>
   <!-- below are additional HPE variables -->
   <variable id="PartNumber">Part Number</variable>
   <variable id="Published">Published</variable>
   <variable id="Published_format"><param ref-name="month"/> <param ref-name="year"/></variable>
   <variable id="Edition">Edition</variable>
   <variable id="Abstract">Abstract</variable>
   <variable id="Subtopics">Subtopics</variable>
   <variable id="troubleshooting_condition">Symptom</variable>
   <variable id="troubleshooting_troubleSolution">Solution <param ref-name="number"/></variable>
   <variable id="troubleshooting_cause">Cause</variable>
   <variable id="troubleshooting_remedy">Action</variable>
</variables>
