<?xml version="1.0" encoding="UTF-8"?>
<!--
This file is part of the DITA Open Toolkit project.

Copyright 2004, 2005 IBM Corporation

See the accompanying LICENSE file for applicable license.
-->
<?xml-model href="strings.rnc" type="application/relax-ng-compact-syntax"?>
<variables>
   <variable id="Figure">Рис.</variable>
   <variable id="Table">Таблица</variable>
   <variable id="Next topic">Следующая тема</variable>
   <variable id="Previous topic">Предыдущая тема</variable>
   <variable id="Parent topic">На уровень выше</variable>
   <variable id="Required cleanup">Требуется исправление</variable>
   <variable id="Draft comment">Замечание в черновой версии</variable>
   <variable id="Option">Опция</variable>
   <variable id="Description">Описание</variable>
   <variable id="Optional">Необязательно</variable>
   <variable id="Required">Обязательно</variable>
   <variable id="Skip visual syntax diagram">Пропуск синтаксической диаграммы</variable>
   <variable id="Read syntax diagram">Чтение синтаксической диаграммы</variable>
   <variable id="Start of change">Изменено</variable>
   <variable id="End of change">Конец изменений</variable>
   <variable id="Index">Указатель</variable>
   <variable id="Special characters">Спец. символы</variable>
   <variable id="Numerics">Числа</variable>
   <variable id="End notes">Сноски</variable>
   <variable id="Artwork">Иллюстрация</variable>
   <variable id="Syntax">Синтаксис</variable>
   <variable id="Type">Тип</variable>
   <variable id="Value">Значение</variable>
   <variable id="Note">ПРИМЕЧАНИЕ</variable>
   <variable id="Notes">ПРИМЕЧАНИЕ</variable>
   <variable id="Notice">УВЕДОМЛЕНИЕ</variable>
   <variable id="Tip">СОВЕТ</variable>
   <variable id="Fastpath">БЫСТРЫЙ ПУТЬ</variable>
   <variable id="Important">ВАЖНОЕ ЗАМЕЧАНИЕ</variable>
   <variable id="Attention">ВНИМАНИЕ</variable>
   <variable id="Caution">ОСТОРОЖНО</variable>
   <variable id="Danger">ОПАСНО</variable>
   <variable id="Remember">НАПОМИНАНИЕ</variable>
   <variable id="Restriction">ОГРАНИЧЕНИЕ</variable>
   <variable id="Trouble">НЕПРИЯТНОСТЬ</variable>
   <variable id="Warning">ВНИМАНИЕ</variable>
   <variable id="Contents">Содержание</variable>
   <variable id="Related concepts">Понятия, связанные с данным</variable>
   <variable id="Related tasks">Задачи, связанные с данной</variable>
   <variable id="Related reference">Ссылки, связанные с данной</variable>
   <variable id="Related information">Больше информации</variable>
   <variable id="Prerequisite">Предварительное условие</variable>
   <variable id="Prerequisites">Предварительные условия</variable>
   <variable id="or">or</variable>
   <variable id="figure-number-separator"> </variable>
   <variable id="task_context">Об этой задаче</variable>
   <variable id="task_example">Пример</variable>
   <variable id="task_postreq">Дальнейшие действия</variable>
   <variable id="task_prereq">Подготовка</variable>
   <variable id="task_procedure">Процедура</variable>
   <variable id="task_procedure_unordered">Процедура</variable>
   <variable id="task_results">Результат</variable>
   <variable id="Copyright">Copyright</variable>
   <variable id="OpenQuote">«</variable>
   <variable id="CloseQuote">»</variable>
   <variable id="ColonSymbol">:</variable>
   <variable id="a11y.and-then">и затем</variable>
   <!-- below are additional HPE variables -->
   <variable id="PartNumber">Номер документа</variable>
   <variable id="Published">Опубликовано</variable>
   <variable id="Published_format"><param ref-name="month_lc"/> <param ref-name="year"/> г.</variable>
   <variable id="Edition">Издание</variable>
   <variable id="Abstract">Аннотация</variable>
   <variable id="Subtopics">Подтемы</variable>
   <variable id="troubleshooting_condition">симптом</variable>
   <variable id="troubleshooting_troubleSolution">Решение <param ref-name="number"/></variable>
   <variable id="troubleshooting_cause">причина</variable>
   <variable id="troubleshooting_remedy">действие</variable>
</variables>
