<?xml version="1.0" encoding="UTF-8"?>
<!--
This file is part of the DITA Open Toolkit project.

Copyright 2004, 2005 IBM Corporation

See the accompanying LICENSE file for applicable license.
-->
<?xml-model href="strings.rnc" type="application/relax-ng-compact-syntax"?>
<variables>
   <variable id="Figure">Joonis</variable>
   <variable id="Table">Tabel</variable>
   <variable id="Next topic">Järgmine teema</variable>
   <variable id="Previous topic">Eelmine teema</variable>
   <variable id="Parent topic">Peateema</variable>
   <variable id="Required cleanup">Puhastus nõutav</variable>
   <variable id="Draft comment">Mustandi kommentaar</variable>
   <variable id="Option">Suvand</variable>
   <variable id="Description">Kirjeldus</variable>
   <variable id="Optional">Mittenõutav</variable>
   <variable id="Required">Nõutav</variable>
   <variable id="Skip visual syntax diagram">Jäta süntaksidiagramm vahele</variable>
   <variable id="Read syntax diagram">Loe süntaksidiagrammi</variable>
   <variable id="Start of change">Muudatuse algus</variable>
   <variable id="End of change">Muudatuse lõpp</variable>
   <variable id="Index">Register</variable>
   <variable id="Special characters">Erimärgid</variable>
   <variable id="Numerics">Numbrid</variable>
   <variable id="End notes">Lõpumärkused</variable>
   <variable id="Artwork">Pilt</variable>
   <variable id="Syntax">Süntaks</variable>
   <variable id="Type">Tüüp</variable>
   <variable id="Value">Väärtus</variable>
   <variable id="Note">Märkus</variable>
   <variable id="Notes">Märkused</variable>
   <variable id="Notice">TEADE</variable>
   <variable id="Tip">Soovitus</variable>
   <variable id="Fastpath">Kiirtee</variable>
   <variable id="Important">Tähtis</variable>
   <variable id="Attention">Tähelepanu</variable>
   <variable id="Caution">ETTEVAATUST</variable>
   <variable id="Danger">OHT</variable>
   <variable id="Remember">Pidage meeles</variable>
   <variable id="Restriction">Piirang</variable>
   <variable id="Trouble">VIGA</variable>
   <variable id="Warning">HOIATUS</variable>
   <variable id="Contents">Sisukord</variable>
   <variable id="Related concepts">Seostuvad mõisted</variable>
   <variable id="Related tasks">Seostuvad tegevused</variable>
   <variable id="Related reference">Seostuv viide</variable>
   <variable id="Related information">Rohkem informatsiooni</variable>
   <variable id="Prerequisite">Eeltingimus</variable>
   <variable id="Prerequisites">Eeltingimused</variable>
   <variable id="or">või</variable>
   <variable id="figure-number-separator"> </variable>
   <variable id="task_context">Teave selle toimingu kohta</variable>
   <variable id="task_example">Näide</variable>
   <variable id="task_postreq">Mis saab edasi?</variable>
   <variable id="task_prereq">Enne alustamist</variable>
   <variable id="task_procedure">Toimimisviis</variable>
   <variable id="task_procedure_unordered">Toimimisviis</variable>
   <variable id="task_results">Tulemused</variable>
   <variable id="Copyright">Autoriõigus</variable>
   <variable id="OpenQuote">„</variable>
   <variable id="CloseQuote">”</variable>
   <variable id="ColonSymbol">:</variable>
   <variable id="a11y.and-then">ja seejärel</variable>
   <!-- below are additional HPE variables -->
   <variable id="PartNumber">Detaili osa</variable>
   <variable id="Published">Avaldatud</variable>
   <variable id="Published_format"><param ref-name="month"/> <param ref-name="year"/></variable>
   <variable id="Edition">Trükk</variable>
   <variable id="Abstract">Abstraktne</variable>
   <variable id="Subtopics">Alamteemad</variable>
   <variable id="troubleshooting_condition">Sümptom</variable>
   <variable id="troubleshooting_troubleSolution">Lahendus <param ref-name="number"/></variable>
   <variable id="troubleshooting_cause">Põhjus</variable>
   <variable id="troubleshooting_remedy">Tegevus</variable>
</variables>
