<?xml version="1.0" encoding="UTF-8"?>
<!--
This file is part of the DITA Open Toolkit project.

Copyright 2004, 2005 IBM Corporation

See the accompanying LICENSE file for applicable license.
-->
<?xml-model href="strings.rnc" type="application/relax-ng-compact-syntax"?>
<variables>
   <variable id="Figure">Şekil</variable>
   <variable id="Table">Tablo</variable>
   <variable id="Next topic">Sonraki</variable>
   <variable id="Previous topic">Önceki</variable>
   <variable id="Parent topic">Ana başlık</variable>
   <variable id="Required cleanup">Düzeltilmeli</variable>
   <variable id="Draft comment">Draft comment</variable>
   <variable id="Option">Seçenek</variable>
   <variable id="Description">Tanımlama</variable>
   <variable id="Optional">İsteğe bağlı</variable>
   <variable id="Required">Gerekli</variable>
   <variable id="Skip visual syntax diagram">Görsel sözdizim çizgesini atla</variable>
   <variable id="Read syntax diagram">Sözdizim çizgesini oku</variable>
   <variable id="Start of change">Değişikliklerin başlangıcı</variable>
   <variable id="End of change">Değişikliklerin bitişi</variable>
   <variable id="Index">Dizin</variable>
   <variable id="Special characters">Özel karakterler</variable>
   <variable id="Numerics">Sayısallar</variable>
   <variable id="End notes">Notların sonu</variable>
   <variable id="Artwork">Şekil</variable>
   <variable id="Syntax">Sözdizim</variable>
   <variable id="Type">İpucu</variable>
   <variable id="Value">Değer</variable>
   <variable id="Note">NOT</variable>
   <variable id="Notes">NOTLAR</variable>
   <variable id="Notice">BİLDİRİ</variable>
   <variable id="Tip">TİP</variable>
   <variable id="Fastpath">KISAYOL</variable>
   <variable id="Important">ÖNEMLİ</variable>
   <variable id="Attention">UYARI</variable>
   <variable id="Caution">DİKKAT</variable>
   <variable id="Danger">TEHLİKE</variable>
   <variable id="Remember">UNUTMAYIN</variable>
   <variable id="Restriction">SINIRLAMA</variable>
   <variable id="Trouble">SORUN</variable>
   <variable id="Warning">UYARI</variable>
   <variable id="Contents">İçindekiler</variable>
   <variable id="Related concepts">İlgili kavramlar</variable>
   <variable id="Related tasks">İlgili görevler</variable>
   <variable id="Related reference">İlgili başvurular</variable>
   <variable id="Related information">Daha fazla bilgi</variable>
   <variable id="Prerequisite">Okunması Gerekenler</variable>
   <variable id="Prerequisites">Okunması Gerekenler</variable>
   <variable id="or">or</variable>
   <variable id="figure-number-separator"> </variable>
   <variable id="task_context">Bu görev hakkında</variable>
   <variable id="task_example">Örnek</variable>
   <variable id="task_postreq">Sonraki adım</variable>
   <variable id="task_prereq">Başlamadan önce</variable>
   <variable id="task_procedure">Prosedür</variable>
   <variable id="task_procedure_unordered">Prosedür</variable>
   <variable id="task_results">Sonuçlar</variable>
   <variable id="Copyright">Copyright</variable>
   <variable id="OpenQuote">“</variable>
   <variable id="CloseQuote">”</variable>
   <variable id="ColonSymbol">:</variable>
   <variable id="a11y.and-then">ve ardından</variable>
   <!-- below are additional HPE variables -->
   <variable id="PartNumber">Parça Numarası</variable>
   <variable id="Published">Yayımlanma</variable>
   <variable id="Published_format"><param ref-name="month"/> <param ref-name="year"/></variable>
   <variable id="Edition">Sürüm</variable>
   <variable id="Abstract">Özet</variable>
   <variable id="Subtopics">Alt konular</variable>
   <variable id="troubleshooting_condition">Semptom</variable>
   <variable id="troubleshooting_troubleSolution">Çözüm <param ref-name="number"/></variable>
   <variable id="troubleshooting_cause">Sebep</variable>
   <variable id="troubleshooting_remedy">Aksiyon</variable>
</variables>
