<?xml version="1.0" encoding="UTF-8"?>
<!--
This file is part of the DITA Open Toolkit project.

Copyright 2004, 2005 IBM Corporation

See the accompanying LICENSE file for applicable license.
-->
<?xml-model href="strings.rnc" type="application/relax-ng-compact-syntax"?>
<variables>
   <variable id="Figure">Figure</variable>
   <variable id="Table">Tableau</variable>
   <variable id="Next topic">Sujet suivant</variable>
   <variable id="Previous topic">Sujet précédent</variable>
   <variable id="Parent topic">Sujet parent</variable>
   <variable id="Required cleanup">A revoir</variable>
   <variable id="Draft comment">Commentaire de travail</variable>
   <variable id="Option">Option</variable>
   <variable id="Description">Description</variable>
   <variable id="Optional">Facultatif </variable>
   <variable id="Required">Obligatoire</variable>
   <variable id="Skip visual syntax diagram">Sauter le diagramme</variable>
   <variable id="Read syntax diagram">Lire le diagramme</variable>
   <variable id="Start of change">Début de modification</variable>
   <variable id="End of change">Fin de modification</variable>
   <variable id="Index">Index</variable>
   <variable id="Special characters">Caractères spéciaux</variable>
   <variable id="Numerics">Nombres</variable>
   <variable id="End notes">Notes finales</variable>
   <variable id="Artwork">Graphique</variable>
   <variable id="Syntax">Syntaxe</variable>
   <variable id="Type">Type</variable>
   <variable id="Value">Valeur</variable>
   <variable id="Note">REMARQUE</variable>
   <variable id="Notes">REMARQUES</variable>
   <variable id="Notice">AVIS</variable>
   <variable id="Tip">CONSEIL</variable>
   <variable id="Fastpath">RACCOURCI</variable>
   <variable id="Important">IMPORTANT</variable>
   <variable id="Attention">ATTENTION</variable>
   <variable id="Caution">ATTENTION</variable>
   <variable id="Danger">DANGER</variable>
   <variable id="Remember">A FAIRE</variable>
   <variable id="Restriction">RESTRICTION</variable>
   <variable id="Trouble">DIFFICULTÉ</variable>
   <variable id="Warning">AVERTISSEMENT</variable>
   <variable id="Contents">Sommaire</variable>
   <variable id="Related concepts">Concepts associés</variable>
   <variable id="Related tasks">Tâches associées</variable>
   <variable id="Related reference">Référence associée</variable>
   <variable id="Related information">Plus d'informations</variable>
   <variable id="Prerequisite">Préambule</variable>
   <variable id="Prerequisites">Préambules</variable>
   <variable id="or">ou</variable>
   <variable id="figure-number-separator"> </variable>
   <variable id="task_context">Pourquoi et quand exécuter cette tâche</variable>
   <variable id="task_example">Exemple</variable>
   <variable id="task_postreq">Que faire ensuite</variable>
   <variable id="task_prereq">Avant de commencer</variable>
   <variable id="task_procedure">Procédure</variable>
   <variable id="task_procedure_unordered">Procédure</variable>
   <variable id="task_results">Résultats</variable>
   <variable id="Copyright">Copyright</variable>
   <variable id="OpenQuote">« </variable>
   <variable id="CloseQuote"> »</variable>
   <variable id="ColonSymbol"> :</variable>
   <variable id="a11y.and-then">puis</variable>
   <!-- below are additional HPE variables -->
   <variable id="PartNumber">Référence</variable>
   <variable id="Published">Publication</variable>
   <variable id="Published_format"><param ref-name="month_lc"/> <param ref-name="year"/></variable>
   <variable id="Edition">Édition</variable>
   <variable id="Abstract">Résumé</variable>
   <variable id="Subtopics">Sous-thèmes</variable>
   <variable id="troubleshooting_condition">Symptôme</variable>
   <variable id="troubleshooting_troubleSolution">Remède <param ref-name="number"/></variable>
   <variable id="troubleshooting_cause">Cause</variable>
   <variable id="troubleshooting_remedy">Action</variable>
</variables>
