<?xml version="1.0" encoding="UTF-8"?>
<!--
This file is part of the DITA Open Toolkit project.

Copyright 2004, 2005 IBM Corporation

See the accompanying LICENSE file for applicable license.
-->
<?xml-model href="strings.rnc" type="application/relax-ng-compact-syntax"?>
<variables>
   <variable id="Figure">Gambar</variable>
   <variable id="Table">Tabel</variable>
   <variable id="Next topic">Topik berikutnya</variable>
   <variable id="Previous topic">Topik sebelumnya</variable>
   <variable id="Parent topic">Topik Induk</variable>
   <variable id="Required cleanup">Pembersihan wajib</variable>
   <variable id="Draft comment">Tulis komentar</variable>
   <variable id="Option">Pilihan</variable>
   <variable id="Description">Deskripsi</variable>
   <variable id="Optional">Opsional</variable>
   <variable id="Required">Wajib</variable>
   <variable id="Skip visual syntax diagram">Lewati diagram sintaks visual</variable>
   <variable id="Read syntax diagram">Baca diagram sintaks</variable>
   <variable id="Start of change">Awal perubahan</variable>
   <variable id="End of change">Akhir perubahan</variable>
   <variable id="Index">Indeks</variable>
   <variable id="Special characters">Karakter khusus</variable>
   <variable id="Numerics">Numerik</variable>
   <variable id="End notes">Catatan akhir</variable>
   <variable id="Artwork">Karya seni</variable>
   <variable id="Syntax">Sintaks</variable>
   <variable id="Type">Jenis</variable>
   <variable id="Value">Nilai</variable>
   <variable id="Note">CATATAN</variable>
   <variable id="Notes">CATATAN</variable>
   <variable id="Notice">PEMBERITAHUAN</variable>
   <variable id="Tip">KIAT</variable>
   <variable id="Fastpath">ALUR CEPAT</variable>
   <variable id="Important">PENTING</variable>
   <variable id="Attention">PERHATIAN</variable>
   <variable id="Caution">WASPADA</variable>
   <variable id="Danger">BAHAYA</variable>
   <variable id="Remember">INGAT</variable>
   <variable id="Restriction">BATASAN</variable>
   <variable id="Trouble">MASALAH</variable>
   <variable id="Warning">PERINGATAN</variable>
   <variable id="Contents">Isi</variable>
   <variable id="Related concepts">Konsep terkait</variable>
   <variable id="Related tasks">Tugas terkait</variable>
   <variable id="Related reference">Referensi terkait</variable>
   <variable id="Related information">Informasi lebih lanjut</variable>
   <variable id="Prerequisite">Prasyarat</variable>
   <variable id="Prerequisites">Prasyarat</variable>
   <variable id="or">atau</variable>
   <variable id="figure-number-separator"> </variable>
   <variable id="task_context">Tentang tugas ini</variable>
   <variable id="task_example">Contoh</variable>
   <variable id="task_postreq">Yang harus dilakukan selanjutnya</variable>
   <variable id="task_prereq">Prasyarat</variable>
   <variable id="task_procedure">Prosedur</variable>
   <variable id="task_procedure_unordered">Prosedur</variable>
   <variable id="task_results">Hasil</variable>
   <variable id="Copyright">Hak cipta</variable>
   <variable id="OpenQuote">“</variable>
   <variable id="CloseQuote">”</variable>
   <variable id="ColonSymbol">:</variable>
   <variable id="a11y.and-then">lalu</variable>
   <!-- below are additional HPE variables -->
   <variable id="PartNumber">Nomor Komponen</variable>
   <variable id="Published">Dipublikasikan</variable>
   <variable id="Published_format"><param ref-name="month"/> <param ref-name="year"/></variable>
   <variable id="Edition">Edisi</variable>
   <variable id="Abstract">Abstrak</variable>
   <variable id="Subtopics">Sub topik</variable>
   <variable id="troubleshooting_condition">Gejala</variable>
   <variable id="troubleshooting_troubleSolution">Solusi <param ref-name="number"/></variable>
   <variable id="troubleshooting_cause">Sebab</variable>
   <variable id="troubleshooting_remedy">Tindakan</variable>
</variables>
