<?xml version="1.0" encoding="UTF-8"?>
<!--
This file is part of the DITA Open Toolkit project.

Copyright 2004, 2005 IBM Corporation

See the accompanying LICENSE file for applicable license.
-->
<?xml-model href="strings.rnc" type="application/relax-ng-compact-syntax"?>
<variables>
   <variable id="Figure">Фигура</variable>
   <variable id="Table">Таблица</variable>
   <variable id="Next topic">Следваща тема</variable>
   <variable id="Previous topic">Предходна тема</variable>
   <variable id="Parent topic">Тема родител</variable>
   <variable id="Required cleanup">Необходимо прочистване</variable>
   <variable id="Draft comment">Коментар на чернова</variable>
   <variable id="Option">Опция</variable>
   <variable id="Description">Описание</variable>
   <variable id="Optional">Избираем</variable>
   <variable id="Required">Задължителен</variable>
   <variable id="Skip visual syntax diagram">Пропусни визуална диаграма на синтаксис</variable>
   <variable id="Read syntax diagram">Четене на диаграма на синтаксис</variable>
   <variable id="Start of change">Начало на промяна</variable>
   <variable id="End of change">Край на промяна</variable>
   <variable id="Index">Индекс</variable>
   <variable id="Special characters">Специални символи</variable>
   <variable id="Numerics">Цифри</variable>
   <variable id="End notes">Крайни забележки</variable>
   <variable id="Artwork">Илюстрации</variable>
   <variable id="Syntax">Синтаксис</variable>
   <variable id="Type">Тип</variable>
   <variable id="Value">Стойност</variable>
   <variable id="Note">Забележка</variable>
   <variable id="Notes">Забележки</variable>
   <variable id="Notice">ОБЯВЛЕНИЕ</variable>
   <variable id="Tip">Съвет</variable>
   <variable id="Fastpath">Бърз начин</variable>
   <variable id="Important">Важно</variable>
   <variable id="Attention">Внимание</variable>
   <variable id="Caution">ВНИМАНИЕ</variable>
   <variable id="Danger">ОПАСНО</variable>
   <variable id="Remember">Запомнете</variable>
   <variable id="Restriction">Ограничение</variable>
   <variable id="Trouble">НЕЧАСТИ</variable>
   <variable id="Warning">ПРЕДУПРЕЖДЕНИЕ</variable>
   <variable id="Contents">Съдържание</variable>
   <variable id="Related concepts">Свързани понятия</variable>
   <variable id="Related tasks">Свързани дейности</variable>
   <variable id="Related reference">Свързани справки</variable>
   <variable id="Related information">Повече информация</variable>
   <variable id="Prerequisite">Необходимо условие</variable>
   <variable id="Prerequisites">Необходими условия</variable>
   <variable id="or">or</variable>
   <variable id="figure-number-separator"> </variable>
   <variable id="task_context">За тази дейност</variable>
   <variable id="task_example">Пример</variable>
   <variable id="task_postreq">Какво да направим после</variable>
   <variable id="task_prereq">Преди да започнете</variable>
   <variable id="task_procedure">Процедура</variable>
   <variable id="task_procedure_unordered">Процедура</variable>
   <variable id="task_results">Резултати</variable>
   <variable id="Copyright">Авторско право</variable>
   <variable id="OpenQuote">„</variable>
   <variable id="CloseQuote">”</variable>
   <variable id="ColonSymbol">:</variable>
   <variable id="a11y.and-then">и след това</variable>
   <!-- below are additional HPE variables -->
   <variable id="PartNumber">Номер на частта</variable>
   <variable id="Published">Публикувано</variable>
   <variable id="Published_format"><param ref-name="month"/> <param ref-name="year"/></variable>
   <variable id="Edition">Издание</variable>
   <variable id="Abstract">Резюме</variable>
   <variable id="Subtopics">Падтэмы</variable>
   <variable id="troubleshooting_condition">Симптом</variable>
   <variable id="troubleshooting_troubleSolution">Решение <param ref-name="number"/></variable>
   <variable id="troubleshooting_cause">Защото</variable>
   <variable id="troubleshooting_remedy">Действие</variable>
</variables>
