<?xml version="1.0" encoding="UTF-8"?>
<!--
This file is part of the DITA Open Toolkit project.

Copyright 2004, 2005 IBM Corporation

See the accompanying LICENSE file for applicable license.
-->
<?xml-model href="strings.rnc" type="application/relax-ng-compact-syntax"?>
<variables>
   <variable id="Figure">Bild</variable>
   <variable id="Table">Tabell</variable>
   <variable id="Next topic">Nästa avsnitt</variable>
   <variable id="Previous topic">Föregående avsnitt</variable>
   <variable id="Parent topic">Överordnat ämne</variable>
   <variable id="Required cleanup">Korrigering krävs</variable>
   <variable id="Draft comment">Kommentar till utkast</variable>
   <variable id="Option">Alternativ</variable>
   <variable id="Description">Beskrivning</variable>
   <variable id="Optional">Valfritt</variable>
   <variable id="Required">Krävs</variable>
   <variable id="Skip visual syntax diagram">Hoppa över syntaxdiagram</variable>
   <variable id="Read syntax diagram">Läs syntaxdiagram</variable>
   <variable id="Start of change">Ändring startar</variable>
   <variable id="End of change">Ändring slutar</variable>
   <variable id="Index">Index</variable>
   <variable id="Special characters">Specialtecken</variable>
   <variable id="Numerics">Siffror</variable>
   <variable id="End notes">Noter</variable>
   <variable id="Artwork">Bild</variable>
   <variable id="Syntax">Syntax</variable>
   <variable id="Type">Typ</variable>
   <variable id="Value">Värde</variable>
   <variable id="Note">ANM</variable>
   <variable id="Notes">ANM</variable>
   <variable id="Notice">ANMÄLAN</variable>
   <variable id="Tip">TIPS</variable>
   <variable id="Fastpath">GENVÄG</variable>
   <variable id="Important">VIKTIGT</variable>
   <variable id="Attention">VARNING</variable>
   <variable id="Caution">VARNING - RISK FÖR PERSONSKADA</variable>
   <variable id="Danger">VARNING - LIVSFARA</variable>
   <variable id="Remember">GLÖM INTE</variable>
   <variable id="Restriction">BEGRÄNSNING</variable>
   <variable id="Trouble">PROBLEM</variable>
   <variable id="Warning">VARNING - RISK FÖR MASKINSKADA</variable>
   <variable id="Contents">Innehåll</variable>
   <variable id="Related concepts">Närliggande begrepp</variable>
   <variable id="Related tasks">Närliggande uppgifter</variable>
   <variable id="Related reference">Närliggande referens</variable>
   <variable id="Related information">Mer information</variable>
   <variable id="Prerequisite">Läs detta först</variable>
   <variable id="Prerequisites">Läs detta först</variable>
   <variable id="or">or</variable>
   <variable id="figure-number-separator"> </variable>
   <variable id="task_context">Den här uppgiften</variable>
   <variable id="task_example">Exempel</variable>
   <variable id="task_postreq">Och sedan då?</variable>
   <variable id="task_prereq">Innan du börjar</variable>
   <variable id="task_procedure">Arbetsordning</variable>
   <variable id="task_procedure_unordered">Arbetsordning</variable>
   <variable id="task_results">Resultat</variable>
   <variable id="Copyright">Copyright</variable>
   <variable id="OpenQuote">”</variable>
   <variable id="CloseQuote">”</variable>
   <variable id="ColonSymbol">:</variable>
   <variable id="a11y.and-then">och sedan</variable>
   <!-- below are additional HPE variables -->
   <variable id="PartNumber">Artikelnummer</variable>
   <variable id="Published">Publicerad</variable>
   <variable id="Published_format"><param ref-name="month_lc"/> <param ref-name="year"/></variable>
   <variable id="Edition">Utgåva</variable>
   <variable id="Abstract">Sammanfattning</variable>
   <variable id="Subtopics">Underämnen</variable>
   <variable id="troubleshooting_condition">Symptom</variable>
   <variable id="troubleshooting_troubleSolution">Lösning <param ref-name="number"/></variable>
   <variable id="troubleshooting_cause">Orsak</variable>
   <variable id="troubleshooting_remedy">Handling</variable>
</variables>
