<?xml version="1.0" encoding="UTF-8"?>
<!--
This file is part of the DITA Open Toolkit project.

Copyright 2004, 2005 IBM Corporation

See the accompanying LICENSE file for applicable license.
-->
<?xml-model href="strings.rnc" type="application/relax-ng-compact-syntax"?>
<variables>
   <variable id="Figure">Εικόνα</variable>
   <variable id="Table">Πίνακας</variable>
   <variable id="Next topic">Επόμενο θέμα</variable>
   <variable id="Previous topic">Προηγούμενο θέμα</variable>
   <variable id="Parent topic">Γονικό θέμα</variable>
   <variable id="Required cleanup">Απαιτείται διόρθωση</variable>
   <variable id="Draft comment">Πρόχειρο σχόλιο</variable>
   <variable id="Option">Επιλογή</variable>
   <variable id="Description">Περιγραφή</variable>
   <variable id="Optional">Προαιρετικά</variable>
   <variable id="Required">Απαιτείται</variable>
   <variable id="Skip visual syntax diagram">Παράλειψη οπτικού διαγράμματος σύνταξης</variable>
   <variable id="Read syntax diagram">Ανάγνωση διαγράμματος σύνταξης</variable>
   <variable id="Start of change">Αρχή αλλαγής</variable>
   <variable id="End of change">Τέλος αλλαγής</variable>
   <variable id="Index">Ευρετήριο</variable>
   <variable id="Special characters">Ειδικοί χαρακτήρες</variable>
   <variable id="Numerics">Αριθμοί</variable>
   <variable id="End notes">Υποσημειώσεις</variable>
   <variable id="Artwork">Εικόνα</variable>
   <variable id="Syntax">Σύνταξη</variable>
   <variable id="Type">Είδος</variable>
   <variable id="Value">Τιμή</variable>
   <variable id="Note">ΣΗΜΕΙΩΣΗ</variable>
   <variable id="Notes">ΣΗΜΕΙΩΣΕΙΣ</variable>
   <variable id="Notice">ΕΙΔΟΠΟΙΗΣΗ</variable>
   <variable id="Tip">ΣΥΜΒΟΥΛΗ</variable>
   <variable id="Fastpath">ΆΜΕΣΗ ΜΕΤΑΒΑΣΗ</variable>
   <variable id="Important">ΣΗΜΑΝΤΙΚΟ</variable>
   <variable id="Attention">ΠΡΟΣΟΧΗ</variable>
   <variable id="Caution">ΠΡΟΣΟΧΗ</variable>
   <variable id="Danger">ΚΙΝΔΥΝΟΣ</variable>
   <variable id="Remember">ΥΠΕΝΘΥΜΙΣΗ</variable>
   <variable id="Restriction">ΠΕΡΙΟΡΙΣΜΟΣ</variable>
   <variable id="Trouble">ΤΑΛΑΙΠΩΡΙΑ</variable>
   <variable id="Warning">ΠΡΟΕΙΔΟΠΟΙΗΣΗ</variable>
   <variable id="Contents">Περιεχόμενα</variable>
   <variable id="Related concepts">Συναφείς έννοιες</variable>
   <variable id="Related tasks">Συναφείς εργασίες</variable>
   <variable id="Related reference">Συναφής αναφορά</variable>
   <variable id="Related information">Περισσότερες πληροφορίες</variable>
   <variable id="Prerequisite">Προϋπόθεση</variable>
   <variable id="Prerequisites">Προϋποθέσεις</variable>
   <variable id="or">ή</variable>
   <variable id="figure-number-separator"> </variable>
   <variable id="task_context">Σχετικά με αυτή την εργασία</variable>
   <variable id="task_example">Παράδειγμα</variable>
   <variable id="task_postreq">Επόμενες ενέργειες</variable>
   <variable id="task_prereq">Πριν ξεκινήσετε</variable>
   <variable id="task_procedure">Διαδικασία</variable>
   <variable id="task_procedure_unordered">Διαδικασία</variable>
   <variable id="task_results">Αποτελέσματα</variable>
   <variable id="Copyright">Copyright</variable>
   <variable id="OpenQuote">"</variable>
   <variable id="CloseQuote">"</variable>
   <variable id="ColonSymbol">:</variable>
   <variable id="a11y.and-then">και μετά</variable>
   <!-- below are additional HPE variables -->
   <variable id="PartNumber">Αριθμός εγγράφου</variable>
   <variable id="Published">Δημοσίευση</variable>
   <variable id="Published_format"><param ref-name="month"/> <param ref-name="year"/></variable>
   <variable id="Edition">Έκδοση</variable>
   <variable id="Abstract">Απόσπασμα</variable>
   <variable id="Subtopics">Υποθέματα</variable>
   <variable id="troubleshooting_condition">Σύμπτωμα</variable>
   <variable id="troubleshooting_troubleSolution">Λύση <param ref-name="number"/></variable>
   <variable id="troubleshooting_cause">Αιτία</variable>
   <variable id="troubleshooting_remedy">Δράση</variable>
</variables>
