<?xml version="1.0" encoding="UTF-8"?>
<!--
This file is part of the DITA Open Toolkit project.

Copyright 2004, 2005 IBM Corporation

See the accompanying LICENSE file for applicable license.
-->
<?xml-model href="strings.rnc" type="application/relax-ng-compact-syntax"?>
<variables>
   <variable id="Figure">図</variable>
   <variable id="Table">表</variable>
   <variable id="Next topic">次のトピック</variable>
   <variable id="Previous topic">前のトピック</variable>
   <variable id="Parent topic">親トピック</variable>
   <variable id="Required cleanup">クリーンアップ要求</variable>
   <variable id="Draft comment">ドラフト注釈</variable>
   <variable id="Option">オプション</variable>
   <variable id="Description">説明</variable>
   <variable id="Optional">オプション</variable>
   <variable id="Required">必須</variable>
   <variable id="Skip visual syntax diagram">構文図をスキップする</variable>
   <variable id="Read syntax diagram">構文図を読む</variable>
   <variable id="Start of change">変更の始まり</variable>
   <variable id="End of change">変更の終わり</variable>
   <variable id="Index">索引</variable>
   <variable id="Special characters">特殊文字</variable>
   <variable id="Numerics">数字</variable>
   <variable id="End notes">脚注</variable>
   <variable id="Artwork">アートワーク</variable>
   <variable id="Syntax">構文</variable>
   <variable id="Type">タイプ</variable>
   <variable id="Value">値</variable>
   <variable id="Note">注記</variable>
   <variable id="Notes">注記</variable>
   <variable id="Notice">通知</variable>
   <variable id="Tip">ヒント</variable>
   <variable id="Fastpath">ファースト・パス</variable>
   <variable id="Important">重要</variable>
   <variable id="Attention">重要</variable>
   <variable id="Caution">注意</variable>
   <variable id="Danger">危険</variable>
   <variable id="Remember">要確認</variable>
   <variable id="Restriction">制約事項</variable>
   <variable id="Trouble">問題</variable>
   <variable id="Warning">警告</variable>
   <variable id="Contents">目次</variable>
   <variable id="Related concepts">関連概念</variable>
   <variable id="Related tasks">関連タスク</variable>
   <variable id="Related reference">関連資料</variable>
   <variable id="Related information">詳しくは</variable>
   <variable id="Prerequisite">前提条件</variable>
   <variable id="Prerequisites">前提条件</variable>
   <variable id="or">または</variable>
   <variable id="figure-number-separator"> </variable>
   <variable id="task_context">このタスクについて</variable>
   <variable id="task_example">例</variable>
   <variable id="task_postreq">次のタスク</variable>
   <variable id="task_prereq">前提条件</variable>
   <variable id="task_procedure">手順</variable>
   <variable id="task_procedure_unordered">手順</variable>
   <variable id="task_results">タスクの結果</variable>
   <variable id="Copyright">Copyright</variable>
   <variable id="OpenQuote">「</variable>
   <variable id="CloseQuote">」</variable>
   <variable id="ColonSymbol">:</variable>
   <variable id="a11y.and-then">に続き</variable>
   <!-- below are additional HPE variables -->
   <variable id="PartNumber">部品番号</variable>
   <variable id="Published">発行</variable>
   <variable id="Published_format"><param ref-name="year"/>年<param ref-name="month"/></variable>
   <variable id="Edition">版数</variable>
   <variable id="Abstract">摘要</variable>
   <variable id="Subtopics">サブトピック</variable>
   <variable id="troubleshooting_condition">症状</variable>
   <variable id="troubleshooting_troubleSolution">解決方法 <param ref-name="number"/></variable>
   <variable id="troubleshooting_cause">原因</variable>
   <variable id="troubleshooting_remedy">アクション</variable>
</variables>
