<?xml version="1.0" encoding="UTF-8"?>
<!--
This file is part of the DITA Open Toolkit project.

Copyright 2004, 2005 IBM Corporation

See the accompanying LICENSE file for applicable license.
-->
<?xml-model href="strings.rnc" type="application/relax-ng-compact-syntax"?>
<variables>
   <variable id="Figure">Slika</variable>
   <variable id="Table">Tablica</variable>
   <variable id="Next topic">Slijedeće poglavlje</variable>
   <variable id="Previous topic">Prethodno poglavlje</variable>
   <variable id="Parent topic">Nadređeno poglavlje</variable>
   <variable id="Required cleanup">Potrebno čišćenje</variable>
   <variable id="Draft comment">Skica komentara</variable>
   <variable id="Option">Mogućnost</variable>
   <variable id="Description">Opis</variable>
   <variable id="Optional">Neobavezno</variable>
   <variable id="Required">Obavezno</variable>
   <variable id="Skip visual syntax diagram">Preskoči vizualni sintaksni dijagram</variable>
   <variable id="Read syntax diagram">Pročitaj sintaksni dijagram</variable>
   <variable id="Start of change">Početak promjene</variable>
   <variable id="End of change">Kraj promjene</variable>
   <variable id="Index">Indeks</variable>
   <variable id="Special characters">Posebni znakovi</variable>
   <variable id="Numerics">Brojevi</variable>
   <variable id="End notes">Krajnje bilješke</variable>
   <variable id="Artwork">Ilustracije</variable>
   <variable id="Syntax">Sintaksa</variable>
   <variable id="Type">Vrsta</variable>
   <variable id="Value">Vrijednost</variable>
   <variable id="Note">NAPOMENA</variable>
   <variable id="Notes">NAPOMENE</variable>
   <variable id="Notice">OBAVIJEST</variable>
   <variable id="Tip">SAVJET</variable>
   <variable id="Fastpath">FASTPATH</variable>
   <variable id="Important">VAŽNO</variable>
   <variable id="Attention">POZOR</variable>
   <variable id="Caution">OPREZ</variable>
   <variable id="Danger">OPASNOST</variable>
   <variable id="Remember">UPAMTITE</variable>
   <variable id="Restriction">OGRANIČENJE</variable>
   <variable id="Trouble">PROBLEM</variable>
   <variable id="Warning">UPOZORENJE</variable>
   <variable id="Contents">Sadržaj</variable>
   <variable id="Related concepts">Srodni koncepti</variable>
   <variable id="Related tasks">Srodni zadaci</variable>
   <variable id="Related reference">Srodne reference</variable>
   <variable id="Related information">Dodatne informacije</variable>
   <variable id="Prerequisite">Preduvjet</variable>
   <variable id="Prerequisites">Preduvjeti</variable>
   <variable id="or">ili</variable>
   <variable id="figure-number-separator"> </variable>
   <variable id="task_context">Informacije o zadatku</variable>
   <variable id="task_example">Primjer</variable>
   <variable id="task_postreq">Sljedeći korak</variable>
   <variable id="task_prereq">Preduvjeti</variable>
   <variable id="task_procedure">Postupak</variable>
   <variable id="task_procedure_unordered">Postupak</variable>
   <variable id="task_results">Rezultati</variable>
   <variable id="Copyright">Autorska prava</variable>
   <variable id="OpenQuote">“</variable>
   <variable id="CloseQuote">”</variable>
   <variable id="ColonSymbol">:</variable>
   <variable id="a11y.and-then">i zatim</variable>
   <!-- below are additional HPE variables -->
   <variable id="PartNumber">Broj dijela</variable>
   <variable id="Published">Objavljeno</variable>
   <variable id="Published_format"><param ref-name="month_lc"/> <param ref-name="year"/>.</variable>
   <variable id="Edition">Izdanje</variable>
   <variable id="Abstract">Sažetak</variable>
   <variable id="Subtopics">Podteme</variable>
   <variable id="troubleshooting_condition">Simptom</variable>
   <variable id="troubleshooting_troubleSolution">Rješenje <param ref-name="number"/></variable>
   <variable id="troubleshooting_cause">Uzrok</variable>
   <variable id="troubleshooting_remedy">Radnja</variable>
</variables>
