<?xml version="1.0" encoding="UTF-8"?>
<!--
This file is part of the DITA Open Toolkit project.

Copyright 2004, 2005 IBM Corporation

See the accompanying LICENSE file for applicable license.
-->
<?xml-model href="strings.rnc" type="application/relax-ng-compact-syntax"?>
<variables>
   <variable id="Figure">איור</variable>
   <variable id="Table">‏‏טבלה</variable>
   <variable id="Next topic">הנושא הבא</variable>
   <variable id="Previous topic">הנושא הקודם</variable>
   <variable id="Parent topic">נושא אב</variable>
   <variable id="Required cleanup">ניקוי דרוש</variable>
   <variable id="Draft comment">הערות טיוטה</variable>
   <variable id="Option">אופציה</variable>
   <variable id="Description">תיאור</variable>
   <variable id="Optional">אופציונלי</variable>
   <variable id="Required">דרוש</variable>
   <variable id="Skip visual syntax diagram">דילוג על תרשים תחביר חזותי</variable>
   <variable id="Read syntax diagram">קריאת תרשים תחביר</variable>
   <variable id="Start of change">מצב שינוי</variable>
   <variable id="End of change">סוף השינוי</variable>
   <variable id="Index">אינדקס</variable>
   <variable id="Special characters">תווים מיוחדים</variable>
   <variable id="Numerics">מספרים</variable>
   <variable id="End notes">הערות סיום</variable>
   <variable id="Artwork">עיבוד</variable>
   <variable id="Syntax">תחביר</variable>
   <variable id="Type">סוג</variable>
   <variable id="Value">ערך</variable>
   <variable id="Note">הערה</variable>
   <variable id="Notes">הערות</variable>
   <variable id="Notice">הודעה</variable>
   <variable id="Tip">עצה</variable>
   <variable id="Fastpath">נתיב מהיר</variable>
   <variable id="Important">חשוב</variable>
   <variable id="Attention">אל</variable>
   <variable id="Caution">זהירות</variable>
   <variable id="Danger">סכנה</variable>
   <variable id="Remember">נא לזכור</variable>
   <variable id="Restriction">מגבלה</variable>
   <variable id="Trouble">בעיה</variable>
   <variable id="Warning">‏‏אזהרה</variable>
   <variable id="Contents">תוכן</variable>
   <variable id="Related concepts">מושגים קשורים</variable>
   <variable id="Related tasks">משימות קשורות</variable>
   <variable id="Related reference">תיעוד קשור</variable>
   <variable id="Related information">עוד מידע</variable>
   <variable id="Prerequisite">דרישה מוקדמת</variable>
   <variable id="Prerequisites">דרישות מוקדמות</variable>
   <variable id="or">or</variable>
   <variable id="figure-number-separator"> </variable>
   <variable id="task_context">אודות משימה זו</variable>
   <variable id="task_example">דוגמה</variable>
   <variable id="task_postreq">איך להמשיך</variable>
   <variable id="task_prereq">לפני שתתחילו</variable>
   <variable id="task_procedure">נוהל</variable>
   <variable id="task_procedure_unordered">נוהל</variable>
   <variable id="task_results">תוצאות</variable>
   <variable id="Copyright">Copyright</variable>
   <variable id="OpenQuote">„</variable>
   <variable id="CloseQuote">”</variable>
   <variable id="ColonSymbol">:</variable>
   <variable id="a11y.and-then">ולאחר מכן</variable>
   <!-- below are additional HPE variables -->
   <variable id="PartNumber">פורסם בתאריך</variable>
   <variable id="Published">הוצאה לאור</variable>
   <variable id="Published_format"><param ref-name="month"/> <param ref-name="year"/></variable>
   <variable id="Edition">מהדורה</variable>
   <variable id="Abstract">תקציר</variable>
   <variable id="Subtopics">נושאי משנה</variable>
   <variable id="troubleshooting_condition">סימפטום</variable>
   <variable id="troubleshooting_troubleSolution">פִּתָרוֹן <param ref-name="number"/></variable>
   <variable id="troubleshooting_cause">גורם</variable>
   <variable id="troubleshooting_remedy">פעולה</variable>
</variables>
