<?xml version="1.0" encoding="UTF-8"?>
<!--
This file is part of the DITA Open Toolkit project.

Copyright 2004, 2005 IBM Corporation

See the accompanying LICENSE file for applicable license.
-->
<?xml-model href="strings.rnc" type="application/relax-ng-compact-syntax"?>
<variables>
   <variable id="Figure">圖</variable>
   <variable id="Table">表</variable>
   <variable id="Next topic">下一個主題</variable>
   <variable id="Previous topic">前一個主題</variable>
   <variable id="Parent topic">上層主題</variable>
   <variable id="Required cleanup">必要修正</variable>
   <variable id="Draft comment">草稿註解</variable>
   <variable id="Option">選項</variable>
   <variable id="Description">敘述</variable>
   <variable id="Optional">選擇性的</variable>
   <variable id="Required">必要性的</variable>
   <variable id="Skip visual syntax diagram">略過語法圖表</variable>
   <variable id="Read syntax diagram">讀取語法圖表</variable>
   <variable id="Start of change">蜊曹羲宎</variable>
   <variable id="End of change">蜊曹賦旰</variable>
   <variable id="Index">索引</variable>
   <variable id="Special characters">特殊字元</variable>
   <variable id="Numerics">數字</variable>
   <variable id="End notes">結尾附註</variable>
   <variable id="Artwork">插圖</variable>
   <variable id="Syntax">語法</variable>
   <variable id="Type">類型</variable>
   <variable id="Value">值</variable>
   <variable id="Note">附註</variable>
   <variable id="Notes">附註</variable>
   <variable id="Notice">通知</variable>
   <variable id="Tip">提示</variable>
   <variable id="Fastpath">捷徑</variable>
   <variable id="Important">重要</variable>
   <variable id="Attention">注意</variable>
   <variable id="Caution">小心</variable>
   <variable id="Danger">危險</variable>
   <variable id="Remember">記住</variable>
   <variable id="Restriction">限制</variable>
   <variable id="Trouble">問題</variable>
   <variable id="Warning">警告</variable>
   <variable id="Contents">目錄</variable>
   <variable id="Related concepts">相關概念</variable>
   <variable id="Related tasks">相關工作</variable>
   <variable id="Related reference">相關參考</variable>
   <variable id="Related information">更多信息</variable>
   <variable id="Prerequisite">必讀</variable>
   <variable id="Prerequisites">必讀</variable>
   <variable id="or">或</variable>
   <variable id="figure-number-separator"> </variable>
   <variable id="task_context">執行這項作業的原因和時機</variable>
   <variable id="task_example">範例</variable>
   <variable id="task_postreq">下一步</variable>
   <variable id="task_prereq">必讀</variable>
   <variable id="task_procedure">程序</variable>
   <variable id="task_procedure_unordered">程序</variable>
   <variable id="task_results">結果</variable>
   <variable id="Copyright">Copyright</variable>
   <variable id="OpenQuote">「</variable>
   <variable id="CloseQuote">」</variable>
   <variable id="ColonSymbol">：</variable>
   <variable id="a11y.and-then">然後</variable>
   <!-- below are additional HPE variables -->
   <variable id="PartNumber">產品編號</variable>
   <variable id="Published">出版日期</variable>
   <variable id="Published_format"><param ref-name="year"/> 年 <param ref-name="month"/></variable>
   <variable id="Edition">版次</variable>
   <variable id="Abstract">摘要</variable>
   <variable id="Subtopics">子主題</variable>
   <variable id="troubleshooting_condition">症狀</variable>
   <variable id="troubleshooting_troubleSolution">解答 <param ref-name="number"/></variable>
   <variable id="troubleshooting_cause">起因</variable>
   <variable id="troubleshooting_remedy">行動</variable>
</variables>
