<?xml version="1.0" encoding="UTF-8"?>
<!--
This file is part of the DITA Open Toolkit project.

Copyright 2004, 2005 IBM Corporation

See the accompanying LICENSE file for applicable license.
-->
<?xml-model href="strings.rnc" type="application/relax-ng-compact-syntax"?>
<variables>
   <variable id="Figure">Obrázok</variable>
   <variable id="Table">Tabuľka</variable>
   <variable id="Next topic">Nasledujúca téma</variable>
   <variable id="Previous topic">Predchádzajúca téma</variable>
   <variable id="Parent topic">Nadradená téma</variable>
   <variable id="Required cleanup">Požadovaná čistenie</variable>
   <variable id="Draft comment">Komentár ku konceptu</variable>
   <variable id="Option">Možnosť</variable>
   <variable id="Description">Opis</variable>
   <variable id="Optional">Voliteľné</variable>
   <variable id="Required">Povinné</variable>
   <variable id="Skip visual syntax diagram">Preskočiť vizuálny syntaktický diagram</variable>
   <variable id="Read syntax diagram">Čítať syntaktický diagram</variable>
   <variable id="Start of change">Začiatok zmeny</variable>
   <variable id="End of change">Koniec zmeny</variable>
   <variable id="Index">Register</variable>
   <variable id="Special characters">Špeciálne znaky</variable>
   <variable id="Numerics">Čísla</variable>
   <variable id="End notes">Vysvetlivky</variable>
   <variable id="Artwork">Grafická časť</variable>
   <variable id="Syntax">Syntax</variable>
   <variable id="Type">Typ</variable>
   <variable id="Value">Hodnota</variable>
   <variable id="Note">POZNÁMKA</variable>
   <variable id="Notes">POZNÁMKY</variable>
   <variable id="Notice">OZNÁME</variable>
   <variable id="Tip">TIP</variable>
   <variable id="Fastpath">FASTPATH</variable>
   <variable id="Important">DÔLEŽITÉ</variable>
   <variable id="Attention">POZOR</variable>
   <variable id="Caution">UPOZORNENIE</variable>
   <variable id="Danger">NEBEZPEČENSTVO</variable>
   <variable id="Remember">NEZABUDNITE</variable>
   <variable id="Restriction">OBMEDZENIE</variable>
   <variable id="Trouble">PROBLÉM</variable>
   <variable id="Warning">VAROVANIE</variable>
   <variable id="Contents">Obsah</variable>
   <variable id="Related concepts">Súvisiace koncepty</variable>
   <variable id="Related tasks">Súvisiace úlohy</variable>
   <variable id="Related reference">Súvisiaci odkaz</variable>
   <variable id="Related information">Ďalšie informácie</variable>
   <variable id="Prerequisite">Požiadavka</variable>
   <variable id="Prerequisites">Požiadavky</variable>
   <variable id="or">alebo</variable>
   <variable id="figure-number-separator"> </variable>
   <variable id="task_context">Informácie o tejto úlohe</variable>
   <variable id="task_example">Príklad</variable>
   <variable id="task_postreq">Čo ďalej</variable>
   <variable id="task_prereq">Podmienky</variable>
   <variable id="task_procedure">Postup</variable>
   <variable id="task_procedure_unordered">Postup</variable>
   <variable id="task_results">Výsledky</variable>
   <variable id="Copyright">Autorské práva</variable>
   <variable id="OpenQuote">“</variable>
   <variable id="CloseQuote">”</variable>
   <variable id="ColonSymbol">:</variable>
   <variable id="a11y.and-then">a potom</variable>
   <!-- below are additional HPE variables -->
   <variable id="PartNumber">Číslo časti</variable>
   <variable id="Published">Publikované</variable>
   <variable id="Published_format"><param ref-name="month_lc"/> <param ref-name="year"/></variable>
   <variable id="Edition">Vydanie</variable>
   <variable id="Abstract">Abstrakt</variable>
   <variable id="Subtopics">Podtémy</variable>
   <variable id="troubleshooting_condition">Symptóm</variable>
   <variable id="troubleshooting_troubleSolution">Riešenie <param ref-name="number"/></variable>
   <variable id="troubleshooting_cause">Príčina</variable>
   <variable id="troubleshooting_remedy">Akcia</variable>
</variables>
