<?xml version="1.0" encoding="UTF-8"?>
<!--
This file is part of the DITA Open Toolkit project.

Copyright 2004, 2005 IBM Corporation

See the accompanying LICENSE file for applicable license.
-->
<?xml-model href="strings.rnc" type="application/relax-ng-compact-syntax"?>
<variables>
   <variable id="Figure">Figuur</variable>
   <variable id="Table">Tabel</variable>
   <variable id="Next topic">Volgend onderwerp</variable>
   <variable id="Previous topic">Vorig onderwerp</variable>
   <variable id="Parent topic">Hoofdonderwerp</variable>
   <variable id="Required cleanup">Opschonen vereist</variable>
   <variable id="Draft comment">Opmerking over concept</variable>
   <variable id="Option">Optie</variable>
   <variable id="Description">Beschrijving</variable>
   <variable id="Optional">Optioneel</variable>
   <variable id="Required">Vereist</variable>
   <variable id="Skip visual syntax diagram">Syntaxisdiagram overslaan</variable>
   <variable id="Read syntax diagram">Syntaxisdiagram lezen</variable>
   <variable id="Start of change">Begin wijziging</variable>
   <variable id="End of change">Einde wijziging</variable>
   <variable id="Index">Register</variable>
   <variable id="Special characters">Speciale tekens</variable>
   <variable id="Numerics">Numerieke tekens</variable>
   <variable id="End notes">Eindnoten</variable>
   <variable id="Artwork">Artwork</variable>
   <variable id="Syntax">Syntaxis</variable>
   <variable id="Type">Type</variable>
   <variable id="Value">Waarde</variable>
   <variable id="Note">OPMERKING</variable>
   <variable id="Notes">OPMERKINGEN</variable>
   <variable id="Notice">BEKENDMAKING</variable>
   <variable id="Tip">TIP</variable>
   <variable id="Fastpath">VERSNELDE KEUZE</variable>
   <variable id="Important">BELANGRIJK</variable>
   <variable id="Attention">WAARSCHUWING</variable>
   <variable id="Caution">LET OP!</variable>
   <variable id="Danger">GEVAAR!</variable>
   <variable id="Remember">LET OP</variable>
   <variable id="Restriction">BEPERKING</variable>
   <variable id="Trouble">PROBLEMER</variable>
   <variable id="Warning">ATTENTIE</variable>
   <variable id="Contents">Inhoudsopgave</variable>
   <variable id="Related concepts">Verwante onderwerpen</variable>
   <variable id="Related tasks">Verwante taken</variable>
   <variable id="Related reference">Verwante verwijzing</variable>
   <variable id="Related information">Meer informatie</variable>
   <variable id="Prerequisite">Vereiste</variable>
   <variable id="Prerequisites">Vereisten</variable>
   <variable id="or">of</variable>
   <variable id="figure-number-separator"> </variable>
   <variable id="task_context">Over deze taak</variable>
   <variable id="task_example">Voorbeeld</variable>
   <variable id="task_postreq">Volgende stappen</variable>
   <variable id="task_prereq">Voordat u begint</variable>
   <variable id="task_procedure">Procedure</variable>
   <variable id="task_procedure_unordered">Procedure</variable>
   <variable id="task_results">Resultaten</variable>
   <variable id="Copyright">Copyright</variable>
   <variable id="OpenQuote">“</variable>
   <variable id="CloseQuote">”</variable>
   <variable id="ColonSymbol">:</variable>
   <variable id="a11y.and-then">en dan</variable>
   <!-- below are additional HPE variables -->
   <variable id="PartNumber">Onderdeelnummer</variable>
   <variable id="Published">Uitgegeven</variable>
   <variable id="Published_format"><param ref-name="month"/> <param ref-name="year"/></variable>
   <variable id="Edition">Editie</variable>
   <variable id="Abstract">Samenvatting</variable>
   <variable id="Subtopics">Subonderwerpen</variable>
   <variable id="troubleshooting_condition">Symptoom</variable>
   <variable id="troubleshooting_troubleSolution">Oplossing <param ref-name="number"/></variable>
   <variable id="troubleshooting_cause">Oorzaak</variable>
   <variable id="troubleshooting_remedy">Actie</variable>
</variables>
