<?xml version="1.0" encoding="UTF-8"?>
<!--
This file is part of the DITA Open Toolkit project.

Copyright 2004, 2005 IBM Corporation

See the accompanying LICENSE file for applicable license.
-->
<?xml-model href="strings.rnc" type="application/relax-ng-compact-syntax"?>
<variables>
   <variable id="Figure">Kuva</variable>
   <variable id="Table">Taulukko</variable>
   <variable id="Next topic">Seuraava aihe</variable>
   <variable id="Previous topic">Edellinen aihe</variable>
   <variable id="Parent topic">Pääaihe</variable>
   <variable id="Required cleanup">Edellyttää tarkistusta</variable>
   <variable id="Draft comment">Käsittelijän huomautus</variable>
   <variable id="Option">Valinta</variable>
   <variable id="Description">Kuvaus</variable>
   <variable id="Optional">Valinnainen</variable>
   <variable id="Required">Pakollinen</variable>
   <variable id="Skip visual syntax diagram">Graafisen syntaksikuvauksen ohitus</variable>
   <variable id="Read syntax diagram">Graafisen syntaksikuvauksen luku</variable>
   <variable id="Start of change">muutoksen alku</variable>
   <variable id="End of change">muutoksen loppu</variable>
   <variable id="Index">Hakemisto</variable>
   <variable id="Special characters">Erikoismerkit</variable>
   <variable id="Numerics">Numerot</variable>
   <variable id="End notes">Loppuviitteet</variable>
   <variable id="Artwork">Kuva</variable>
   <variable id="Syntax">Syntaksi</variable>
   <variable id="Type">Laji</variable>
   <variable id="Value">Arvo</variable>
   <variable id="Note">HUOMAA</variable>
   <variable id="Notes">HUOMAA</variable>
   <variable id="Notice">ILMOITUS</variable>
   <variable id="Tip">VIHJE</variable>
   <variable id="Fastpath">PIKAOHJE</variable>
   <variable id="Important">TÄRKEÄÄ</variable>
   <variable id="Attention">HUOMAUTUS</variable>
   <variable id="Caution">VAROITUS</variable>
   <variable id="Danger">VAARA</variable>
   <variable id="Remember">MUISTUTUS</variable>
   <variable id="Restriction">RAJOITUS</variable>
   <variable id="Trouble">VIAT</variable>
   <variable id="Warning">HUOMAUTUS</variable>
   <variable id="Contents">Sisältö</variable>
   <variable id="Related concepts">Aiheeseen liittyviä käsitteitä</variable>
   <variable id="Related tasks">Aiheeseen liittyviä tehtäviä</variable>
   <variable id="Related reference">Aiheeseen liittyviä tietolähteitä</variable>
   <variable id="Related information">Lisää tietoa</variable>
   <variable id="Prerequisite">Esitiedot</variable>
   <variable id="Prerequisites">Esitiedot</variable>
   <variable id="or">tai</variable>
   <variable id="figure-number-separator"> </variable>
   <variable id="task_context">Tietoja tästä tehtävästä</variable>
   <variable id="task_example">Esimerkki</variable>
   <variable id="task_postreq">Seuraavat toimet</variable>
   <variable id="task_prereq">Ennen aloitusta</variable>
   <variable id="task_procedure">Toimintosarja</variable>
   <variable id="task_procedure_unordered">Toimintosarja</variable>
   <variable id="task_results">Tulokset</variable>
   <variable id="Copyright">Copyright</variable>
   <variable id="OpenQuote">”</variable>
   <variable id="CloseQuote">”</variable>
   <variable id="ColonSymbol">:</variable>
   <variable id="a11y.and-then">ja sitten</variable>
   <!-- below are additional HPE variables -->
   <variable id="PartNumber">Osa numero</variable>
   <variable id="Published">Julkaistu</variable>
   <variable id="Published_format"><param ref-name="month_lc"/> <param ref-name="year"/></variable>
   <variable id="Edition">Versio</variable>
   <variable id="Abstract">Tiivistelmä</variable>
   <variable id="Subtopics">Subûnderwerpen</variable>
   <variable id="troubleshooting_condition">Oire</variable>
   <variable id="troubleshooting_troubleSolution">Ratkaisu <param ref-name="number"/></variable>
   <variable id="troubleshooting_cause">Syy</variable>
   <variable id="troubleshooting_remedy">Toiminta</variable>
</variables>
