<?xml version="1.0" encoding="UTF-8"?>
<!--
This file is part of the DITA Open Toolkit project.

Copyright 2004, 2005 IBM Corporation

See the accompanying LICENSE file for applicable license.
-->
<?xml-model href="strings.rnc" type="application/relax-ng-compact-syntax"?>
<variables>
   <variable id="Figure">图</variable>
   <variable id="Table">表</variable>
   <variable id="Next topic">下一主题</variable>
   <variable id="Previous topic">上一主题</variable>
   <variable id="Parent topic">父主题</variable>
   <variable id="Required cleanup">需要修正</variable>
   <variable id="Draft comment">非正式版注释</variable>
   <variable id="Option">选项</variable>
   <variable id="Description">描述</variable>
   <variable id="Optional">可选</variable>
   <variable id="Required">必需</variable>
   <variable id="Skip visual syntax diagram">跳过直观语法图</variable>
   <variable id="Read syntax diagram">阅读语法图</variable>
   <variable id="Start of change">更新开始</variable>
   <variable id="End of change">更新结束</variable>
   <variable id="Index">索引</variable>
   <variable id="Special characters">特别字符</variable>
   <variable id="Numerics">数字</variable>
   <variable id="End notes">结尾注释</variable>
   <variable id="Artwork">图片</variable>
   <variable id="Syntax">语法</variable>
   <variable id="Type">类型</variable>
   <variable id="Value">值</variable>
   <variable id="Note">注意</variable>
   <variable id="Notes">备注</variable>
   <variable id="Notice">通知</variable>
   <variable id="Tip">提示</variable>
   <variable id="Fastpath">捷径</variable>
   <variable id="Important">重要信息</variable>
   <variable id="Attention">注意</variable>
   <variable id="Caution">小心</variable>
   <variable id="Danger">危险</variable>
   <variable id="Remember">切记</variable>
   <variable id="Restriction">限制</variable>
   <variable id="Trouble">故障</variable>
   <variable id="Warning">警告</variable>
   <variable id="Contents">目录</variable>
   <variable id="Related concepts">相关概念</variable>
   <variable id="Related tasks">相关任务</variable>
   <variable id="Related reference">相关参考</variable>
   <variable id="Related information">更多信息</variable>
   <variable id="Prerequisite">先决条件</variable>
   <variable id="Prerequisites">先决条件</variable>
   <variable id="or">或</variable>
   <variable id="figure-number-separator"> </variable>
   <variable id="task_context">关于此任务</variable>
   <variable id="task_example">示例</variable>
   <variable id="task_postreq">下一步做什么</variable>
   <variable id="task_prereq">前提条件</variable>
   <variable id="task_procedure">过程</variable>
   <variable id="task_procedure_unordered">过程</variable>
   <variable id="task_results">结果</variable>
   <variable id="Copyright">Copyright</variable>
   <variable id="OpenQuote">“</variable>
   <variable id="CloseQuote">”</variable>
   <variable id="ColonSymbol">：</variable>
   <variable id="a11y.and-then">然后</variable>
   <!-- below are additional HPE variables -->
   <variable id="PartNumber">部件号</variable>
   <variable id="Published">出版日期</variable>
   <variable id="Published_format"><param ref-name="year"/> 年 <param ref-name="month"/></variable>
   <variable id="Edition">版次</variable>
   <variable id="Abstract">摘要</variable>
   <variable id="Subtopics">子主题</variable>
   <variable id="troubleshooting_condition">症状</variable>
   <variable id="troubleshooting_troubleSolution">解决方案 <param ref-name="number"/></variable>
   <variable id="troubleshooting_cause">原因</variable>
   <variable id="troubleshooting_remedy">操作</variable>
</variables>
