<?xml version="1.0" encoding="UTF-8"?>
<!--
This file is part of the DITA Open Toolkit project.

Copyright 2004, 2005 IBM Corporation

See the accompanying LICENSE file for applicable license.
-->
<?xml-model href="strings.rnc" type="application/relax-ng-compact-syntax"?>
<variables>
   <variable id="Figure">Attēls</variable>
   <variable id="Table">Tabula</variable>
   <variable id="Next topic">Nākamā tēma</variable>
   <variable id="Previous topic">Iepriekšējā tēma</variable>
   <variable id="Parent topic">Vecāktēma</variable>
   <variable id="Required cleanup">Nepieciešama tīrīšana</variable>
   <variable id="Draft comment">Komentārs melnrakstā</variable>
   <variable id="Option">Opcija</variable>
   <variable id="Description">Apraksts</variable>
   <variable id="Optional">Neobligāts</variable>
   <variable id="Required">Nepieciešams</variable>
   <variable id="Skip visual syntax diagram">Izlaist vizuālo sintakses diagrammu</variable>
   <variable id="Read syntax diagram">Lasīt sintakses diagrammu</variable>
   <variable id="Start of change">Izmaiņu sākums</variable>
   <variable id="End of change">Izmaiņu beigas</variable>
   <variable id="Index">Indekss</variable>
   <variable id="Special characters">Speciālās rakstzīmes</variable>
   <variable id="Numerics">Skaitļi</variable>
   <variable id="End notes">Beigu vēres</variable>
   <variable id="Artwork">Ilustrācija</variable>
   <variable id="Syntax">Sintakse</variable>
   <variable id="Type">Tips</variable>
   <variable id="Value">Vērtība</variable>
   <variable id="Note">Piezīme</variable>
   <variable id="Notes">Piezīmes</variable>
   <variable id="Notice">PAZIŅOJUMS</variable>
   <variable id="Tip">Padoms</variable>
   <variable id="Fastpath">Ātrais ceļš</variable>
   <variable id="Important">Svarīgi</variable>
   <variable id="Attention">Brīdinājums</variable>
   <variable id="Caution">BĪSTAMĪBAS PAZIŅOJUMS</variable>
   <variable id="Danger">BĪSTAMI</variable>
   <variable id="Remember">Atcerieties</variable>
   <variable id="Restriction">Ierobežojums</variable>
   <variable id="Trouble">PROBLĒMA</variable>
   <variable id="Warning">BRĪDINĀJUMS</variable>
   <variable id="Contents">Saturs</variable>
   <variable id="Related concepts">Saistītās koncepcijas</variable>
   <variable id="Related tasks">Saistītie uzdevumi</variable>
   <variable id="Related reference">Saistītā atsauce</variable>
   <variable id="Related information">Vairāk informācijas</variable>
   <variable id="Prerequisite">Priekšnoteikums</variable>
   <variable id="Prerequisites">Priekšnoteikumi</variable>
   <variable id="or">vai</variable>
   <variable id="figure-number-separator"> </variable>
   <variable id="task_context">Par šo uzdevumu</variable>
   <variable id="task_example">Piemērs</variable>
   <variable id="task_postreq">Kā rīkoties tālāk</variable>
   <variable id="task_prereq">Pirms sākt darbu</variable>
   <variable id="task_procedure">Procedūra</variable>
   <variable id="task_procedure_unordered">Procedūra</variable>
   <variable id="task_results">Rezultāti</variable>
   <variable id="Copyright">Copyright</variable>
   <variable id="OpenQuote">“</variable>
   <variable id="CloseQuote">”</variable>
   <variable id="ColonSymbol">:</variable>
   <variable id="a11y.and-then">un pēc tam</variable>
   <!-- below are additional HPE variables -->
   <variable id="PartNumber">Detaļas numurs</variable>
   <variable id="Published">Publicēts</variable>
   <variable id="Published_format"><param ref-name="month"/> <param ref-name="year"/></variable>
   <variable id="Edition">Izdevums</variable>
   <variable id="Abstract">Abstrakts</variable>
   <variable id="Subtopics">Apakštēmas</variable>
   <variable id="troubleshooting_condition">Simptoms</variable>
   <variable id="troubleshooting_troubleSolution">Risinājums <param ref-name="number"/></variable>
   <variable id="troubleshooting_cause">Cēlonis</variable>
   <variable id="troubleshooting_remedy">Darbība</variable>
</variables>
