<?xml version="1.0" encoding="UTF-8"?>
<!--
This file is part of the DITA Open Toolkit project.

Copyright 2004, 2005 IBM Corporation

See the accompanying LICENSE file for applicable license.
-->
<?xml-model href="strings.rnc" type="application/relax-ng-compact-syntax"?>
<variables>
   <variable id="Figure">Figura</variable>
   <variable id="Table">Tabela</variable>
   <variable id="Next topic">Próximo tópico</variable>
   <variable id="Previous topic">Tópico anterior</variable>
   <variable id="Parent topic">Tópico pai</variable>
   <variable id="Required cleanup">Limpeza necessária</variable>
   <variable id="Draft comment">Comentário rascunho</variable>
   <variable id="Option">Opção</variable>
   <variable id="Description">Descrição</variable>
   <variable id="Optional">Opcional</variable>
   <variable id="Required">Necessário</variable>
   <variable id="Skip visual syntax diagram">Manter visual do diagrama de sintaxe</variable>
   <variable id="Read syntax diagram">Ler diagrama de sintaxe</variable>
   <variable id="Start of change">Início da mudança</variable>
   <variable id="End of change">Fim da mudança</variable>
   <variable id="Index">Índice Remissivo</variable>
   <variable id="Special characters">Caracteres Especiais</variable>
   <variable id="Numerics">Numéricos</variable>
   <variable id="End notes">Avisos Finais</variable>
   <variable id="Artwork">Ilustração</variable>
   <variable id="Syntax">Sintaxe</variable>
   <variable id="Type">Tipo</variable>
   <variable id="Value">Valor</variable>
   <variable id="Note">NOTA</variable>
   <variable id="Notes">NOTAS</variable>
   <variable id="Notice">ÎNȘTIINȚARE</variable>
   <variable id="Tip">DICA</variable>
   <variable id="Fastpath">ATALHO</variable>
   <variable id="Important">IMPORTANTE</variable>
   <variable id="Attention">ATENÇÃO</variable>
   <variable id="Caution">CUIDADO</variable>
   <variable id="Danger">PERIGO</variable>
   <variable id="Remember">LEMBRE-SE</variable>
   <variable id="Restriction">RESTRIÇÃO</variable>
   <variable id="Trouble">PROBLEMA</variable>
   <variable id="Warning">AVISO</variable>
   <variable id="Contents">Conteúdo</variable>
   <variable id="Related concepts">Conceitos relacionados</variable>
   <variable id="Related tasks">Tarefas relacionadas</variable>
   <variable id="Related reference">Referências relacionadas</variable>
   <variable id="Related information">Mais informação</variable>
   <variable id="Prerequisite">Prerequisite</variable>
   <variable id="Prerequisites">Prerequisites</variable>
   <variable id="or">or</variable>
   <variable id="figure-number-separator"> </variable>
   <variable id="task_context">Por Que e Quando Desempenhar Esta Tarefa</variable>
   <variable id="task_example">Exemplo</variable>
   <variable id="task_postreq">O que Fazer Depois</variable>
   <variable id="task_prereq">Antes de Iniciar</variable>
   <variable id="task_procedure">Procedimento</variable>
   <variable id="task_procedure_unordered">Procedimento</variable>
   <variable id="task_results">Resultados</variable>
   <variable id="Copyright">Copyright</variable>
   <variable id="OpenQuote">“</variable>
   <variable id="CloseQuote">”</variable>
   <variable id="ColonSymbol">:</variable>
   <variable id="a11y.and-then">e depois</variable>
   <!-- below are additional HPE variables -->
   <variable id="PartNumber">Número de peça</variable>
   <variable id="Published">Publicado</variable>
   <variable id="Published_format"><param ref-name="month"/> de <param ref-name="year"/></variable>
   <variable id="Edition">Edição</variable>
   <variable id="Abstract">Resumo</variable>
   <variable id="Subtopics">Subtópicos</variable>
   <variable id="troubleshooting_condition">Sintoma</variable>
   <variable id="troubleshooting_troubleSolution">Solução <param ref-name="number"/></variable>
   <variable id="troubleshooting_cause">Causa</variable>
   <variable id="troubleshooting_remedy">Açao</variable>
</variables>
