<?xml version="1.0" encoding="UTF-8"?>
<!--
This file is part of the DITA Open Toolkit project.

Copyright 2004, 2005 IBM Corporation

See the accompanying LICENSE file for applicable license.
-->
<?xml-model href="strings.rnc" type="application/relax-ng-compact-syntax"?>
<variables>
   <variable id="Figure">รูป</variable>
   <variable id="Table">ตาราง</variable>
   <variable id="Next topic">หัวข้อถัดไป</variable>
   <variable id="Previous topic">หัวข้อก่อนหน้า</variable>
   <variable id="Parent topic">หัวข้อต้นทาง</variable>
   <variable id="Required cleanup">การแก้ไขที่ต้องการ</variable>
   <variable id="Draft comment">ข้อคิดเห็นฉบับร่าง</variable>
   <variable id="Option">ทางเลือก</variable>
   <variable id="Description">คำอธิบาย</variable>
   <variable id="Optional">ทางเลือก</variable>
   <variable id="Required">บังคับ</variable>
   <variable id="Skip visual syntax diagram">ข้ามการดู syntax diagram</variable>
   <variable id="Read syntax diagram">อ่าน syntax diagram</variable>
   <variable id="Start of change">เริ่มต้นของการเปลี่ยนแปลง</variable>
   <variable id="End of change">สิ้นสุดของการเปลี่ยนแปลง</variable>
   <variable id="Index">ดรรชนี</variable>
   <variable id="Special characters">อักขระพิเศษ</variable>
   <variable id="Numerics">ตัวเลข</variable>
   <variable id="End notes">หมายเหตุท้าย</variable>
   <variable id="Artwork">อาร์ตเวิร์ก</variable>
   <variable id="Syntax">Syntax</variable>
   <variable id="Type">ประเภท</variable>
   <variable id="Value">ค่า</variable>
   <variable id="Note">หมายเหตุ</variable>
   <variable id="Notes">หมายเหตุ</variable>
   <variable id="Notice">หมายประกาศ</variable>
   <variable id="Tip">คำแนะนำ</variable>
   <variable id="Fastpath">ทางด่วน</variable>
   <variable id="Important">สำคัญ</variable>
   <variable id="Attention">ข้อควรสนใจ</variable>
   <variable id="Caution">ข้อควรระวัง</variable>
   <variable id="Danger">อันตราย</variable>
   <variable id="Remember">เตือนความจำ</variable>
   <variable id="Restriction">ข้อจำกัด</variable>
   <variable id="Trouble">ปัญหา</variable>
   <variable id="Warning">คำเตือน</variable>
   <variable id="Contents">สารบัญ</variable>
   <variable id="Related concepts">หลักการที่เกี่ยวข้อง</variable>
   <variable id="Related tasks">งานที่เกี่ยวข้อง</variable>
   <variable id="Related reference">สิ่งอ้างอิงที่เกี่ยวข้อง</variable>
   <variable id="Related information">ข้อมูลมากกว่านี้</variable>
   <variable id="Prerequisite">สิ่งที่ต้องทำก่อน</variable>
   <variable id="Prerequisites">สิ่งที่ต้องทำก่อน</variable>
   <variable id="or">หรือ</variable>
   <variable id="figure-number-separator"> </variable>
   <variable id="task_context">เกี่ยวกับภารกิจนี้</variable>
   <variable id="task_example">ตัวอย่าง</variable>
   <variable id="task_postreq">สิ่งที่ต้องทำต่อไป</variable>
   <variable id="task_prereq">ก่อนเริ่มต้นภารกิจ</variable>
   <variable id="task_procedure">กระบวนการ</variable>
   <variable id="task_procedure_unordered">กระบวนการ</variable>
   <variable id="task_results">ผลลัพธ์</variable>
   <variable id="Copyright">Copyright</variable>
   <variable id="OpenQuote">“</variable>
   <variable id="CloseQuote">”</variable>
   <variable id="ColonSymbol">:</variable>
   <variable id="a11y.and-then">แล้วก็</variable>
   <!-- below are additional HPE variables -->
   <variable id="PartNumber">หมายเลขชิ้นส่วนของ</variable>
   <variable id="Published">ตีพิมพ์</variable>
   <variable id="Published_format"><param ref-name="month"/> <param ref-name="year"/></variable>
   <variable id="Edition">ฉบับ</variable>
   <variable id="Abstract">บทคัดย่อ</variable>
   <variable id="Subtopics">หัวข้อย่อย</variable>
   <variable id="troubleshooting_condition">อาการป่วย</variable>
   <variable id="troubleshooting_troubleSolution">ทางออก <param ref-name="number"/></variable>
   <variable id="troubleshooting_cause">ต้นสายปลายเหตุ</variable>
   <variable id="troubleshooting_remedy">ก้าวย่าง</variable>
</variables>
