<?xml version="1.0" encoding="UTF-8"?>
<!--
This file is part of the DITA Open Toolkit project.

Copyright 2004, 2005 IBM Corporation

See the accompanying LICENSE file for applicable license.
-->
<?xml-model href="strings.rnc" type="application/relax-ng-compact-syntax"?>
<variables>
   <variable id="Figure">Figura</variable>
   <variable id="Table">Tabela</variable>
   <variable id="Next topic">Subiect următor</variable>
   <variable id="Previous topic">Subiect anterior</variable>
   <variable id="Parent topic">Subiect părinte</variable>
   <variable id="Required cleanup">Curăţare necesară</variable>
   <variable id="Draft comment">Comentariu ciornă</variable>
   <variable id="Option">Opţiune</variable>
   <variable id="Description">Descriere</variable>
   <variable id="Optional">Opţional</variable>
   <variable id="Required">Necesar</variable>
   <variable id="Skip visual syntax diagram">Salt diagramă sintaxă </variable>
   <variable id="Read syntax diagram">Citire diagramă sintaxă</variable>
   <variable id="Start of change">Început modificare</variable>
   <variable id="End of change">Sfârşit modificare</variable>
   <variable id="Index">Index</variable>
   <variable id="Special characters">Caractere speciale</variable>
   <variable id="Numerics">Numerice</variable>
   <variable id="End notes">Note de sfârşit</variable>
   <variable id="Artwork">Ilustraţie</variable>
   <variable id="Syntax">Sintaxă</variable>
   <variable id="Type">Tip</variable>
   <variable id="Value">Valoare</variable>
   <variable id="Note">Notă</variable>
   <variable id="Notes">Note</variable>
   <variable id="Notice">ÎNȘTIINȚARE</variable>
   <variable id="Tip">Indiciu</variable>
   <variable id="Fastpath">Cale rapidă</variable>
   <variable id="Important">Important</variable>
   <variable id="Attention">Atenţie</variable>
   <variable id="Caution">ATENŢIE</variable>
   <variable id="Danger">PERICOL</variable>
   <variable id="Remember">De reţinut</variable>
   <variable id="Restriction">Restricţie</variable>
   <variable id="Trouble">PROBLEMĂ</variable>
   <variable id="Warning">AVERTISMENT</variable>
   <variable id="Contents">Cuprins</variable>
   <variable id="Related concepts">Concepte înrudite</variable>
   <variable id="Related tasks">Operaţii înrudite</variable>
   <variable id="Related reference">Referinţe înrudite</variable>
   <variable id="Related information">Mai multe informatii</variable>
   <variable id="Prerequisite">Cerinţă</variable>
   <variable id="Prerequisites">Cerinţe</variable>
   <variable id="or">or</variable>
   <variable id="figure-number-separator"> </variable>
   <variable id="task_context">Despre acest task</variable>
   <variable id="task_example">Exemplu</variable>
   <variable id="task_postreq">Ce se face în continuare</variable>
   <variable id="task_prereq">Înainte de a începe</variable>
   <variable id="task_procedure">Procedură</variable>
   <variable id="task_procedure_unordered">Procedură</variable>
   <variable id="task_results">Rezultate</variable>
   <variable id="Copyright">Copyright</variable>
   <variable id="OpenQuote">„</variable>
   <variable id="CloseQuote">”</variable>
   <variable id="ColonSymbol">:</variable>
   <variable id="a11y.and-then">și apoi</variable>
   <!-- below are additional HPE variables -->
   <variable id="PartNumber">Cod de produs</variable>
   <variable id="Published">Publicat</variable>
   <variable id="Published_format"><param ref-name="month"/> <param ref-name="year"/></variable>
   <variable id="Edition">Ediția</variable>
   <variable id="Abstract">Abstract</variable>
   <variable id="Subtopics">Subiecte</variable>
   <variable id="troubleshooting_condition">Simptom</variable>
   <variable id="troubleshooting_troubleSolution">Soluţie <param ref-name="number"/></variable>
   <variable id="troubleshooting_cause">Cauză</variable>
   <variable id="troubleshooting_remedy">Acțiune</variable>
</variables>
